User ID,Subscription Type,Monthly Revenue,Join Date,Last Payment Date
1,Basic,10,15-01-2022,10-06-2023
2,Premium,15,05-09-2021,22-06-2023
3,Standard,12,28-02-2023,27-06-2023
4,Standard,12,10-07-2022,26-06-2023
5,Basic,10,01-05-2023,28-06-2023
6,Premium,15,18-03-2022,27-06-2023
7,Standard,12,09-12-2021,25-06-2023
8,Basic,10,02-04-2023,24-06-2023
9,Standard,12,20-10-2022,23-06-2023
10,Premium,15,07-01-2023,22-06-2023
11,Basic,10,16-05-2022,22-06-2023
12,Premium,15,23-03-2023,28-06-2023
13,Standard,12,30-11-2021,27-06-2023
14,Basic,10,01-08-2022,26-06-2023
15,Standard,12,09-05-2023,28-06-2023
16,Premium,15,07-04-2022,27-06-2023
17,Basic,10,24-01-2022,25-06-2023
18,Standard,12,18-10-2021,24-06-2023
19,Premium,15,15-02-2023,23-06-2023
20,Basic,10,27-05-2023,22-06-2023
21,Premium,15,10-06-2023,22-06-2023
22,Basic,10,22-07-2022,28-06-2023
23,Standard,12,05-12-2021,27-06-2023
24,Standard,12,03-04-2022,26-06-2023
25,Basic,10,14-03-2023,28-06-2023
26,Premium,15,12-01-2022,27-06-2023
27,Basic,10,29-08-2022,25-06-2023
28,Standard,12,27-09-2021,24-06-2023
29,Premium,15,19-12-2022,23-06-2023
30,Basic,10,17-05-2023,22-06-2023
31,Premium,15,03-02-2023,22-06-2023
32,Basic,10,07-07-2022,28-06-2023
33,Standard,12,21-01-2022,27-06-2023
34,Standard,12,25-05-2022,26-06-2023
35,Basic,10,11-04-2023,28-06-2023
36,Premium,15,01-03-2022,27-06-2023
37,Basic,10,14-09-2022,25-06-2023
38,Standard,12,05-11-2021,24-06-2023
39,Premium,15,28-12-2022,23-06-2023
40,Basic,10,07-03-2023,22-06-2023
41,Premium,15,20-01-2023,22-06-2023
42,Basic,10,15-06-2022,28-06-2023
43,Standard,12,07-02-2022,27-06-2023
44,Standard,12,26-04-2022,26-06-2023
45,Basic,10,28-01-2023,28-06-2023
46,Premium,15,23-02-2022,27-06-2023
47,Basic,10,05-10-2022,25-06-2023
48,Standard,12,15-09-2021,24-06-2023
49,Premium,15,10-11-2022,23-06-2023
50,Basic,10,02-06-2023,22-06-2023
51,Premium,15,27-02-2023,22-06-2023
52,Basic,10,29-08-2022,28-06-2023
53,Standard,12,13-01-2022,27-06-2023
54,Standard,12,30-06-2022,26-06-2023
55,Basic,10,20-04-2023,28-06-2023
56,Premium,15,15-03-2022,27-06-2023
57,Basic,10,01-10-2022,25-06-2023
58,Standard,12,08-10-2021,24-06-2023
59,Premium,15,03-12-2022,23-06-2023
60,Basic,10,14-06-2023,22-06-2023
61,Premium,15,08-02-2023,22-06-2023
62,Basic,10,03-08-2022,28-06-2023
63,Standard,12,23-02-2022,27-06-2023
64,Standard,12,20-06-2022,26-06-2023
65,Basic,10,29-03-2023,28-06-2023
66,Premium,15,30-01-2022,27-06-2023
67,Basic,10,18-09-2022,25-06-2023
68,Standard,12,09-11-2021,24-06-2023
69,Premium,15,23-12-2022,23-06-2023
70,Basic,10,08-05-2023,22-06-2023
71,Basic,10,26-01-2022,20-06-2023
72,Basic,10,11-10-2022,22-06-2023
73,Standard,12,27-09-2022,26-06-2023
74,Premium,13,14-12-2022,25-06-2023
75,Basic,13,28-05-2022,26-06-2023
76,Basic,13,29-12-2021,26-06-2023
77,Premium,15,25-12-2022,23-06-2023
78,Standard,15,18-11-2022,28-06-2023
79,Standard,15,03-12-2022,25-06-2023
80,Basic,12,08-11-2022,22-06-2023
81,Premium,10,11-01-2023,24-06-2023
82,Standard,12,07-12-2022,28-06-2023
83,Basic,10,20-10-2022,26-06-2023
84,Standard,12,13-04-2023,25-06-2023
85,Premium,10,06-04-2023,27-06-2023
86,Basic,11,04-03-2022,25-06-2023
87,Premium,15,28-12-2021,23-06-2023
88,Standard,12,27-09-2022,28-06-2023
89,Basic,15,20-10-2022,26-06-2023
90,Standard,13,03-02-2023,23-06-2023
91,Premium,11,03-10-2022,23-06-2023
92,Basic,14,05-01-2022,28-06-2023
93,Standard,12,05-02-2022,26-06-2023
94,Premium,12,19-03-2022,25-06-2023
95,Basic,11,28-02-2022,25-06-2023
96,Premium,14,26-07-2022,24-06-2023
97,Basic,10,05-03-2022,24-06-2023
98,Standard,13,07-03-2022,28-06-2023
99,Standard,12,13-01-2023,24-06-2023
100,Basic,12,22-01-2023,25-06-2023
101,Premium,11,17-10-2022,24-06-2023
102,Basic,12,29-03-2022,28-06-2023
103,Standard,13,04-04-2022,26-06-2023
104,Premium,10,08-06-2022,25-06-2023
105,Basic,11,04-03-2022,27-06-2023
106,Premium,10,18-03-2022,24-06-2023
107,Basic,14,07-03-2022,24-06-2023
108,Standard,12,24-05-2022,25-06-2023
109,Standard,13,08-02-2023,25-06-2023
110,Basic,13,26-01-2023,24-06-2023
111,Premium,14,14-07-2022,27-06-2023
112,Basic,10,01-06-2022,28-06-2023
113,Standard,15,07-05-2022,26-06-2023
114,Premium,10,18-11-2022,25-06-2023
115,Basic,11,05-04-2022,25-06-2023
116,Premium,14,19-05-2022,23-06-2023
117,Basic,15,30-10-2021,23-06-2023
118,Standard,12,07-08-2022,27-06-2023
119,Standard,11,20-09-2022,25-06-2023
120,Basic,10,18-10-2022,25-06-2023
121,Premium,15,03-10-2022,24-06-2023
122,Basic,11,03-05-2022,28-06-2023
123,Standard,13,25-05-2022,26-06-2023
124,Premium,15,05-11-2022,25-06-2023
125,Basic,12,21-08-2022,24-06-2023
126,Premium,13,21-09-2022,23-06-2023
127,Basic,10,23-11-2021,23-06-2023
128,Standard,12,06-10-2022,27-06-2023
129,Standard,13,05-11-2022,23-06-2023
130,Basic,14,07-01-2023,23-06-2023
131,Premium,15,06-10-2022,23-06-2023
132,Basic,15,24-06-2022,28-06-2023
133,Standard,13,24-06-2022,26-06-2023
134,Premium,15,05-11-2022,25-06-2023
135,Basic,13,18-07-2022,26-06-2023
136,Premium,12,13-09-2022,26-06-2023
137,Basic,12,10-08-2022,22-06-2023
138,Standard,15,21-09-2022,23-06-2023
139,Standard,13,24-03-2023,23-06-2023
140,Basic,12,02-05-2022,23-06-2023
141,Premium,12,11-05-2022,27-06-2023
142,Basic,14,10-06-2022,22-06-2023
143,Standard,14,31-08-2022,24-06-2023
144,Premium,10,17-08-2022,26-06-2023
145,Basic,11,05-05-2022,26-06-2023
146,Basic,10,06-10-2022,25-06-2023
147,Basic,12,08-11-2022,24-06-2023
148,Standard,15,27-11-2022,28-06-2023
149,Premium,13,17-11-2022,27-06-2023
150,Basic,10,15-12-2022,23-06-2023
151,Basic,15,12-12-2022,25-06-2023
152,Premium,14,23-11-2022,27-06-2023
153,Standard,11,25-12-2022,24-06-2023
154,Standard,11,11-03-2023,27-06-2023
155,Basic,14,18-11-2022,27-06-2023
156,Premium,15,19-08-2022,25-06-2023
157,Standard,14,27-09-2022,24-06-2023
158,Basic,13,19-10-2022,28-06-2023
159,Standard,10,21-12-2022,26-06-2023
160,Premium,15,27-10-2022,25-06-2023
161,Basic,10,23-10-2022,24-06-2023
162,Premium,15,19-04-2022,25-06-2023
163,Standard,11,05-04-2022,26-06-2023
164,Basic,11,11-03-2022,26-06-2023
165,Standard,14,25-05-2022,25-06-2023
166,Premium,13,16-04-2022,26-06-2023
167,Basic,13,07-04-2022,24-06-2023
168,Standard,10,11-12-2022,28-06-2023
169,Premium,12,20-01-2023,26-06-2023
170,Basic,14,12-01-2023,25-06-2023
171,Premium,11,29-04-2022,24-06-2023
172,Basic,12,27-04-2022,26-06-2023
173,Standard,15,03-06-2022,25-06-2023
174,Standard,14,23-04-2022,25-06-2023
175,Basic,10,22-04-2022,26-06-2023
176,Premium,13,12-04-2022,25-06-2023
177,Basic,15,23-05-2022,26-06-2023
178,Standard,13,19-10-2022,26-06-2023
179,Premium,10,03-12-2022,26-06-2023
180,Basic,14,26-09-2022,25-06-2023
181,Premium,15,16-06-2022,27-06-2023
182,Basic,13,16-05-2022,25-06-2023
183,Standard,15,26-05-2022,26-06-2023
184,Standard,13,26-04-2022,25-06-2023
185,Basic,11,12-05-2022,25-06-2023
186,Premium,12,01-03-2022,25-06-2023
187,Basic,13,10-07-2022,24-06-2023
188,Standard,15,16-07-2022,27-06-2023
189,Premium,13,02-09-2022,26-06-2023
190,Basic,11,18-09-2022,26-06-2023
191,Premium,10,08-07-2022,25-06-2023
192,Basic,14,26-06-2022,27-06-2023
193,Standard,11,05-08-2022,25-06-2023
194,Standard,14,19-08-2022,27-06-2023
195,Basic,11,26-08-2022,24-06-2023
196,Premium,13,09-06-2022,24-06-2023
197,Basic,14,27-09-2022,23-06-2023
198,Standard,10,18-10-2022,27-06-2023
199,Premium,14,31-10-2022,25-06-2023
200,Basic,11,13-10-2022,25-06-2023
201,Premium,11,04-07-2022,27-06-2023
202,Basic,12,26-06-2022,27-06-2023
203,Standard,13,31-07-2022,24-06-2023
204,Standard,12,27-07-2022,24-06-2023
205,Basic,12,30-07-2022,25-06-2023
206,Premium,11,06-08-2022,25-06-2023
207,Basic,15,16-09-2022,24-06-2023
208,Standard,15,05-01-2023,23-06-2023
209,Premium,11,10-12-2022,24-06-2023
210,Basic,14,22-11-2022,26-06-2023
211,Premium,15,15-11-2022,27-06-2023
212,Basic,11,28-10-2022,26-06-2023
213,Standard,12,08-09-2022,24-06-2023
214,Standard,13,30-06-2022,28-06-2023
215,Basic,13,02-09-2022,27-06-2023
216,Premium,14,08-10-2022,24-06-2023
217,Basic,15,13-11-2022,25-06-2023
218,Standard,12,15-11-2022,28-06-2023
219,Premium,12,16-11-2022,25-06-2023
220,Basic,12,26-11-2022,27-06-2023
221,Basic,12,26-11-2022,25-06-2023
222,Basic,10,12-12-2022,26-06-2023
223,Standard,12,08-01-2023,25-06-2023
224,Premium,15,27-11-2022,29-06-2023
225,Basic,14,11-10-2022,27-06-2023
226,Basic,10,27-09-2022,26-06-2023
227,Premium,12,30-09-2022,24-06-2023
228,Standard,10,04-11-2022,27-06-2023
229,Standard,13,04-11-2022,27-06-2023
230,Basic,12,30-10-2022,26-06-2023
231,Premium,11,29-10-2022,24-06-2023
232,Standard,11,30-08-2022,27-06-2023
233,Basic,15,07-07-2022,26-06-2023
234,Standard,14,26-05-2022,27-06-2023
235,Premium,11,17-05-2022,25-06-2023
236,Basic,11,08-05-2022,26-06-2023
237,Premium,13,07-07-2022,25-06-2023
238,Standard,15,17-07-2022,28-06-2023
239,Basic,15,23-12-2022,26-06-2023
240,Standard,13,27-06-2022,26-06-2023
241,Premium,13,31-05-2022,27-06-2023
242,Basic,12,02-06-2022,26-06-2023
243,Standard,11,25-05-2022,27-06-2023
244,Premium,15,26-04-2022,26-06-2023
245,Basic,13,20-04-2022,26-06-2023
246,Premium,11,03-05-2022,25-06-2023
247,Basic,12,07-07-2022,27-06-2023
248,Standard,13,15-09-2022,26-06-2023
249,Standard,14,16-09-2022,27-06-2023
250,Basic,14,09-08-2022,26-06-2023
251,Premium,15,25-06-2022,27-06-2023
252,Basic,11,30-05-2022,26-06-2023
253,Standard,15,21-05-2022,25-06-2023
254,Premium,12,20-05-2022,27-06-2023
255,Basic,13,20-05-2022,26-06-2023
256,Premium,12,30-05-2022,26-06-2023
257,Basic,13,17-06-2022,25-06-2023
258,Standard,11,16-07-2022,28-06-2023
259,Standard,15,05-08-2022,26-06-2023
260,Basic,10,17-07-2022,26-06-2023
261,Premium,13,04-07-2022,25-06-2023
262,Basic,12,13-07-2022,26-06-2023
263,Standard,15,25-07-2022,24-06-2023
264,Premium,10,09-08-2022,27-06-2023
265,Basic,11,05-08-2022,25-06-2023
266,Premium,10,17-08-2022,26-06-2023
267,Basic,11,08-09-2022,27-06-2023
268,Standard,13,16-10-2022,28-06-2023
269,Standard,13,15-10-2022,25-06-2023
270,Basic,12,04-09-2022,25-06-2023
271,Premium,14,20-08-2022,26-06-2023
272,Basic,10,10-08-2022,26-06-2023
273,Standard,12,02-08-2022,25-06-2023
274,Premium,10,01-08-2022,24-06-2023
275,Basic,15,06-08-2022,25-06-2023
276,Premium,14,09-08-2022,25-06-2023
277,Basic,13,12-09-2022,26-06-2023
278,Standard,14,27-09-2022,26-06-2023
279,Standard,15,12-11-2022,24-06-2023
280,Basic,12,13-11-2022,27-06-2023
281,Premium,12,02-11-2022,28-06-2023
282,Basic,11,30-10-2022,25-06-2023
283,Standard,15,30-06-2022,26-06-2023
284,Premium,14,04-08-2022,28-06-2023
285,Basic,10,01-09-2022,27-06-2023
286,Premium,14,14-10-2022,27-06-2023
287,Basic,10,16-10-2022,26-06-2023
288,Standard,14,20-10-2022,28-06-2023
289,Standard,15,20-11-2022,25-06-2023
290,Basic,12,25-11-2022,30-06-2023
291,Premium,13,04-12-2022,27-06-2023
292,Basic,11,12-12-2022,27-06-2023
293,Standard,14,09-12-2022,25-06-2023
294,Premium,10,15-10-2022,29-06-2023
295,Basic,14,03-10-2022,27-06-2023
296,Basic,12,01-10-2022,27-06-2023
297,Basic,13,02-11-2022,24-06-2023
298,Standard,14,03-11-2022,27-06-2023
299,Premium,10,30-10-2022,27-06-2023
300,Basic,11,30-10-2022,28-06-2023
301,Basic,10,27-09-2022,24-06-2023
302,Premium,11,14-09-2022,27-06-2023
303,Standard,12,11-06-2022,26-06-2023
304,Standard,12,11-06-2022,29-06-2023
305,Basic,13,24-05-2022,26-06-2023
306,Premium,13,06-07-2022,27-06-2023
307,Standard,11,08-07-2022,28-06-2023
308,Basic,13,27-10-2022,27-06-2023
309,Standard,11,09-08-2022,28-06-2023
310,Premium,15,14-06-2022,26-06-2023
311,Basic,15,07-06-2022,27-06-2023
312,Premium,12,27-05-2022,26-06-2023
313,Standard,13,27-05-2022,27-06-2023
314,Basic,10,21-04-2022,26-06-2023
315,Standard,15,28-04-2022,27-06-2023
316,Premium,12,27-05-2022,25-06-2023
317,Basic,15,25-08-2022,28-06-2023
318,Standard,10,02-09-2022,27-06-2023
319,Premium,14,22-08-2022,26-06-2023
320,Basic,15,02-08-2022,27-06-2023
321,Premium,12,22-06-2022,27-06-2023
322,Basic,15,04-06-2022,27-06-2023
323,Standard,14,31-05-2022,26-06-2023
324,Standard,15,22-05-2022,27-06-2023
325,Basic,13,29-05-2022,27-06-2023
326,Premium,11,11-06-2022,27-06-2023
327,Basic,12,06-07-2022,26-06-2023
328,Standard,12,26-07-2022,27-06-2023
329,Premium,11,22-07-2022,25-06-2023
330,Basic,10,06-07-2022,26-06-2023
331,Premium,14,08-07-2022,26-06-2023
332,Basic,14,22-07-2022,26-06-2023
333,Standard,15,24-07-2022,27-06-2023
334,Standard,11,28-07-2022,28-06-2023
335,Basic,10,11-08-2022,25-06-2023
336,Premium,12,02-09-2022,26-06-2023
337,Basic,13,11-10-2022,27-06-2023
338,Standard,12,15-10-2022,27-06-2023
339,Premium,13,05-10-2022,25-06-2023
340,Basic,14,13-09-2022,25-06-2023
341,Premium,13,24-08-2022,26-06-2023
342,Basic,11,09-08-2022,26-06-2023
343,Standard,13,06-08-2022,25-06-2023
344,Standard,13,07-08-2022,26-06-2023
345,Basic,10,08-08-2022,25-06-2023
346,Premium,15,31-08-2022,26-06-2023
347,Basic,14,21-09-2022,28-06-2023
348,Standard,14,05-10-2022,26-06-2023
349,Premium,14,02-11-2022,26-06-2023
350,Basic,10,02-11-2022,28-06-2023
351,Premium,11,02-11-2022,28-06-2023
352,Basic,10,20-09-2022,26-06-2023
353,Standard,14,10-08-2022,26-06-2023
354,Standard,10,16-08-2022,28-06-2023
355,Basic,15,12-10-2022,27-06-2023
356,Premium,11,14-10-2022,30-06-2023
357,Basic,15,18-10-2022,26-06-2023
358,Standard,12,11-11-2022,28-06-2023
359,Premium,11,20-11-2022,26-06-2023
360,Basic,15,21-11-2022,30-06-2023
361,Premium,12,25-11-2022,28-06-2023
362,Basic,11,08-12-2022,27-06-2023
363,Standard,12,01-11-2022,25-06-2023
364,Standard,14,12-10-2022,29-06-2023
365,Basic,11,13-10-2022,27-06-2023
366,Premium,12,17-10-2022,29-06-2023
367,Basic,13,23-10-2022,25-06-2023
368,Standard,13,24-10-2022,28-06-2023
369,Premium,12,25-10-2022,27-06-2023
370,Basic,11,22-10-2022,29-06-2023
371,Basic,11,30-09-2022,25-06-2023
372,Basic,11,06-09-2022,27-06-2023
373,Standard,10,18-06-2022,26-06-2023
374,Premium,10,12-06-2022,28-06-2023
375,Basic,14,17-06-2022,28-06-2023
376,Basic,12,20-06-2022,27-06-2023
377,Premium,12,27-08-2022,28-06-2023
378,Standard,14,13-08-2022,27-06-2023
379,Standard,10,12-08-2022,28-06-2023
380,Basic,15,05-08-2022,27-06-2023
381,Premium,10,14-07-2022,27-06-2023
382,Standard,10,07-06-2022,26-06-2023
383,Basic,10,01-06-2022,27-06-2023
384,Standard,10,19-05-2022,28-06-2023
385,Premium,15,22-05-2022,27-06-2023
386,Basic,14,11-07-2022,26-06-2023
387,Premium,11,19-07-2022,28-06-2023
388,Standard,12,21-07-2022,28-06-2023
389,Basic,14,02-08-2022,26-06-2023
390,Standard,13,03-07-2022,28-06-2023
391,Premium,13,23-06-2022,27-06-2023
392,Basic,15,03-06-2022,28-06-2023
393,Standard,10,03-06-2022,26-06-2023
394,Premium,14,30-05-2022,27-06-2023
395,Basic,12,05-06-2022,26-06-2023
396,Premium,14,10-06-2022,27-06-2023
397,Basic,11,14-07-2022,26-06-2023
398,Standard,13,15-07-2022,27-06-2023
399,Standard,12,14-07-2022,25-06-2023
400,Basic,14,13-07-2022,27-06-2023
401,Premium,12,17-07-2022,26-06-2023
402,Basic,14,21-07-2022,26-06-2023
403,Standard,13,23-07-2022,28-06-2023
404,Premium,13,01-08-2022,28-06-2023
405,Basic,13,06-08-2022,26-06-2023
406,Premium,12,19-08-2022,26-06-2023
407,Basic,12,26-08-2022,27-06-2023
408,Standard,13,27-09-2022,27-06-2023
409,Standard,14,15-09-2022,25-06-2023
410,Basic,15,02-09-2022,25-06-2023
411,Premium,14,03-09-2022,26-06-2023
412,Basic,12,03-09-2022,26-06-2023
413,Standard,13,24-08-2022,26-06-2023
414,Premium,14,21-08-2022,27-06-2023
415,Basic,13,23-08-2022,25-06-2023
416,Premium,10,02-09-2022,26-06-2023
417,Basic,14,21-09-2022,29-06-2023
418,Standard,14,21-10-2022,27-06-2023
419,Standard,11,30-10-2022,27-06-2023
420,Basic,10,02-11-2022,28-06-2023
421,Premium,14,16-10-2022,28-06-2023
422,Basic,14,15-09-2022,29-06-2023
423,Standard,15,12-09-2022,27-06-2023
424,Premium,12,18-09-2022,29-06-2023
425,Basic,13,04-10-2022,27-06-2023
426,Premium,15,05-10-2022,30-06-2023
427,Basic,11,06-11-2022,26-06-2023
428,Standard,12,17-11-2022,28-06-2023
429,Standard,14,18-11-2022,26-06-2023
430,Basic,14,22-11-2022,30-06-2023
431,Premium,15,04-12-2022,28-06-2023
432,Basic,12,19-11-2022,30-06-2023
433,Standard,11,06-11-2022,25-06-2023
434,Premium,12,15-10-2022,29-06-2023
435,Basic,11,17-10-2022,28-06-2023
436,Premium,11,19-10-2022,29-06-2023
437,Basic,13,23-10-2022,25-06-2023
438,Standard,12,24-10-2022,28-06-2023
439,Standard,12,23-10-2022,27-06-2023
440,Basic,11,10-10-2022,29-06-2023
441,Premium,13,05-10-2022,28-06-2023
442,Basic,12,01-07-2022,27-06-2023
443,Standard,10,01-07-2022,27-06-2023
444,Premium,10,25-06-2022,28-06-2023
445,Basic,12,24-06-2022,28-06-2023
446,Basic,14,28-06-2022,28-06-2023
447,Basic,15,11-08-2022,28-06-2023
448,Standard,14,12-08-2022,27-06-2023
449,Premium,10,07-08-2022,28-06-2023
450,Basic,14,06-08-2022,27-06-2023
451,Basic,12,18-07-2022,28-06-2023
452,Premium,12,16-06-2022,26-06-2023
453,Standard,11,30-05-2022,28-06-2023
454,Standard,15,28-05-2022,28-06-2023
455,Basic,11,31-05-2022,27-06-2023
456,Premium,14,04-06-2022,27-06-2023
457,Standard,14,29-06-2022,28-06-2023
458,Basic,10,24-07-2022,28-06-2023
459,Standard,10,19-07-2022,27-06-2023
460,Premium,10,30-06-2022,28-06-2023
461,Basic,11,16-06-2022,27-06-2023
462,Premium,15,10-06-2022,28-06-2023
463,Standard,11,01-06-2022,26-06-2023
464,Basic,13,03-06-2022,28-06-2023
465,Standard,11,05-06-2022,26-06-2023
466,Premium,10,07-06-2022,27-06-2023
467,Basic,10,22-06-2022,26-06-2023
468,Standard,11,28-06-2022,27-06-2023
469,Premium,12,29-06-2022,29-06-2023
470,Basic,15,03-07-2022,28-06-2023
471,Premium,15,08-07-2022,27-06-2023
472,Basic,10,13-07-2022,27-06-2023
473,Standard,10,27-07-2022,28-06-2023
474,Standard,14,30-07-2022,28-06-2023
475,Basic,11,13-08-2022,26-06-2023
476,Premium,14,18-08-2022,26-06-2023
477,Basic,10,24-08-2022,27-06-2023
478,Standard,10,08-09-2022,27-06-2023
479,Premium,13,04-09-2022,27-06-2023
480,Basic,15,04-09-2022,27-06-2023
481,Premium,12,04-09-2022,26-06-2023
482,Basic,11,27-08-2022,27-06-2023
483,Standard,14,25-08-2022,27-06-2023
484,Standard,13,25-08-2022,28-06-2023
485,Basic,14,01-09-2022,28-06-2023
486,Premium,15,13-09-2022,26-06-2023
487,Basic,15,05-10-2022,29-06-2023
488,Standard,11,08-10-2022,28-06-2023
489,Premium,11,26-10-2022,28-06-2023
490,Basic,12,18-10-2022,29-06-2023
491,Premium,12,07-10-2022,28-06-2023
492,Basic,10,17-09-2022,30-06-2023
493,Standard,11,18-09-2022,27-06-2023
494,Standard,14,27-09-2022,29-06-2023
495,Basic,13,30-09-2022,27-06-2023
496,Premium,10,30-10-2022,30-06-2023
497,Basic,11,09-11-2022,29-06-2023
498,Standard,11,17-11-2022,28-06-2023
499,Premium,10,18-11-2022,26-06-2023
500,Basic,15,22-11-2022,30-06-2023
501,Premium,14,22-11-2022,28-06-2023
502,Basic,13,21-11-2022,30-06-2023
503,Standard,14,10-11-2022,26-06-2023
504,Standard,12,21-10-2022,29-06-2023
505,Basic,11,21-10-2022,28-06-2023
506,Premium,14,23-10-2022,29-06-2023
507,Basic,15,24-10-2022,26-06-2023
508,Standard,12,23-10-2022,28-06-2023
509,Premium,10,21-10-2022,28-06-2023
510,Basic,15,06-10-2022,29-06-2023
511,Premium,11,26-07-2022,28-06-2023
512,Basic,15,13-07-2022,28-06-2023
513,Standard,10,06-07-2022,28-06-2023
514,Standard,14,07-07-2022,28-06-2023
515,Basic,15,01-07-2022,29-06-2023
516,Premium,14,31-07-2022,28-06-2023
517,Basic,12,06-08-2022,28-06-2023
518,Standard,15,07-08-2022,27-06-2023
519,Premium,10,06-08-2022,28-06-2023
520,Basic,13,03-08-2022,28-06-2023
521,Basic,15,18-06-2022,28-06-2023
522,Basic,14,17-06-2022,27-06-2023
523,Standard,13,07-06-2022,29-06-2023
524,Premium,15,06-06-2022,28-06-2023
525,Basic,14,04-06-2022,27-06-2023
526,Basic,11,20-06-2022,28-06-2023
527,Premium,10,10-07-2022,28-06-2023
528,Standard,13,13-07-2022,29-06-2023
529,Standard,11,07-07-2022,27-06-2023
530,Basic,14,22-06-2022,28-06-2023
531,Premium,14,15-06-2022,27-06-2023
532,Standard,11,03-06-2022,28-06-2023
533,Basic,14,04-06-2022,27-06-2023
534,Standard,11,05-06-2022,28-06-2023
535,Premium,15,07-06-2022,29-06-2023
536,Basic,10,14-06-2022,29-06-2023
537,Premium,10,17-06-2022,27-06-2023
538,Standard,14,19-06-2022,28-06-2023
539,Basic,12,02-07-2022,29-06-2023
540,Standard,10,03-07-2022,29-06-2023
541,Premium,10,13-07-2022,27-06-2023
542,Basic,14,26-07-2022,27-06-2023
543,Standard,11,27-07-2022,28-06-2023
544,Premium,14,08-08-2022,28-06-2023
545,Basic,14,17-08-2022,27-06-2023
546,Premium,10,20-08-2022,26-06-2023
547,Basic,10,05-09-2022,27-06-2023
548,Standard,12,05-09-2022,27-06-2023
549,Standard,10,05-09-2022,27-06-2023
550,Basic,11,06-09-2022,27-06-2023
551,Premium,13,03-09-2022,28-06-2023
552,Basic,13,29-08-2022,27-06-2023
553,Standard,14,27-08-2022,28-06-2023
554,Premium,12,29-08-2022,29-06-2023
555,Basic,11,13-09-2022,28-06-2023
556,Premium,14,24-09-2022,27-06-2023
557,Basic,15,05-10-2022,29-06-2023
558,Standard,14,18-10-2022,30-06-2023
559,Standard,13,19-10-2022,28-06-2023
560,Basic,15,14-10-2022,29-06-2023
561,Premium,14,30-09-2022,28-06-2023
562,Basic,14,19-09-2022,30-06-2023
563,Standard,10,24-09-2022,29-06-2023
564,Premium,14,28-09-2022,29-06-2023
565,Basic,12,29-09-2022,27-06-2023
566,Premium,11,11-10-2022,01-07-2023
567,Basic,14,08-11-2022,29-06-2023
568,Standard,11,16-11-2022,28-06-2023
569,Standard,10,17-11-2022,26-06-2023
570,Basic,10,20-11-2022,30-06-2023
571,Premium,13,21-11-2022,29-06-2023
572,Basic,12,21-11-2022,30-06-2023
573,Standard,12,18-11-2022,27-06-2023
574,Premium,14,26-10-2022,29-06-2023
575,Basic,13,25-10-2022,28-06-2023
576,Premium,15,26-10-2022,30-06-2023
577,Basic,15,23-10-2022,26-06-2023
578,Standard,13,23-10-2022,28-06-2023
579,Standard,12,16-10-2022,28-06-2023
580,Basic,14,09-08-2022,29-06-2023
581,Premium,10,02-08-2022,29-06-2023
582,Basic,12,16-07-2022,28-06-2023
583,Standard,15,17-07-2022,28-06-2023
584,Premium,14,14-07-2022,28-06-2023
585,Basic,14,16-07-2022,29-06-2023
586,Premium,15,06-08-2022,29-06-2023
587,Basic,14,07-08-2022,28-06-2023
588,Standard,11,07-08-2022,27-06-2023
589,Standard,15,04-08-2022,29-06-2023
590,Basic,15,29-07-2022,29-06-2023
591,Premium,14,19-06-2022,28-06-2023
592,Basic,15,09-06-2022,29-06-2023
593,Standard,11,06-06-2022,29-06-2023
594,Premium,12,06-06-2022,30-06-2023
595,Basic,10,11-06-2022,28-06-2023
596,Basic,14,18-06-2022,28-06-2023
597,Basic,13,27-06-2022,28-06-2023
598,Standard,12,05-07-2022,29-06-2023
599,Premium,15,06-07-2022,27-06-2023
600,Basic,14,16-06-2022,29-06-2023
601,Basic,14,05-06-2022,30-06-2023
602,Premium,14,05-06-2022,29-06-2023
603,Standard,15,06-06-2022,27-06-2023
604,Standard,15,07-06-2022,28-06-2023
605,Basic,15,10-06-2022,29-06-2023
606,Premium,14,13-06-2022,29-06-2023
607,Standard,14,14-06-2022,27-06-2023
608,Basic,12,22-06-2022,28-06-2023
609,Standard,14,03-07-2022,29-06-2023
610,Premium,13,05-07-2022,29-06-2023
611,Basic,15,11-07-2022,28-06-2023
612,Premium,11,17-07-2022,27-06-2023
613,Standard,12,27-07-2022,28-06-2023
614,Basic,15,14-08-2022,28-06-2023
615,Standard,13,15-08-2022,27-06-2023
616,Premium,14,02-09-2022,27-06-2023
617,Basic,11,05-09-2022,28-06-2023
618,Standard,10,06-09-2022,28-06-2023
619,Premium,11,06-09-2022,29-06-2023
620,Basic,11,05-09-2022,27-06-2023
621,Premium,14,06-09-2022,29-06-2023
622,Basic,12,29-08-2022,28-06-2023
623,Standard,13,30-08-2022,28-06-2023
624,Standard,10,02-09-2022,30-06-2023
625,Basic,15,20-09-2022,28-06-2023
626,Premium,10,23-09-2022,30-06-2023
627,Basic,11,29-09-2022,29-06-2023
628,Standard,10,09-10-2022,01-07-2023
629,Premium,11,12-10-2022,29-06-2023
630,Basic,15,06-10-2022,30-06-2023
631,Premium,14,21-09-2022,28-06-2023
632,Basic,13,23-09-2022,01-07-2023
633,Standard,12,28-09-2022,29-06-2023
634,Standard,12,29-09-2022,29-06-2023
635,Basic,13,03-10-2022,27-06-2023
636,Premium,10,28-10-2022,01-07-2023
637,Basic,12,14-11-2022,29-06-2023
638,Standard,11,16-11-2022,01-07-2023
639,Premium,10,17-11-2022,28-06-2023
640,Basic,13,20-11-2022,30-06-2023
641,Premium,12,21-11-2022,29-06-2023
642,Basic,11,19-11-2022,01-07-2023
643,Standard,11,28-10-2022,27-06-2023
644,Standard,15,27-10-2022,29-06-2023
645,Basic,13,27-10-2022,29-06-2023
646,Premium,10,27-10-2022,30-06-2023
647,Basic,15,25-10-2022,28-06-2023
648,Standard,10,17-10-2022,28-06-2023
649,Premium,14,20-08-2022,29-06-2023
650,Basic,15,16-08-2022,29-06-2023
651,Premium,13,15-08-2022,29-06-2023
652,Basic,14,15-08-2022,29-06-2023
653,Standard,11,29-07-2022,29-06-2023
654,Standard,12,17-07-2022,28-06-2023
655,Basic,11,26-07-2022,29-06-2023
656,Premium,14,31-07-2022,29-06-2023
657,Basic,14,03-08-2022,29-06-2023
658,Standard,13,04-08-2022,29-06-2023
659,Premium,13,03-08-2022,29-06-2023
660,Basic,12,27-06-2022,29-06-2023
661,Premium,14,27-06-2022,28-06-2023
662,Basic,15,15-06-2022,29-06-2023
663,Standard,11,13-06-2022,29-06-2023
664,Standard,11,12-06-2022,30-06-2023
665,Basic,10,18-06-2022,28-06-2023
666,Premium,15,26-06-2022,29-06-2023
667,Basic,11,30-06-2022,30-06-2023
668,Standard,13,03-07-2022,30-06-2023
669,Premium,13,19-06-2022,28-06-2023
670,Basic,10,08-06-2022,29-06-2023
671,Basic,10,08-06-2022,30-06-2023
672,Basic,14,09-06-2022,30-06-2023
673,Standard,15,09-06-2022,27-06-2023
674,Premium,13,10-06-2022,28-06-2023
675,Basic,11,11-06-2022,29-06-2023
676,Basic,11,13-06-2022,29-06-2023
677,Premium,13,17-06-2022,28-06-2023
678,Standard,15,27-06-2022,28-06-2023
679,Standard,11,05-07-2022,29-06-2023
680,Basic,15,07-07-2022,29-06-2023
681,Premium,11,16-07-2022,28-06-2023
682,Standard,11,23-07-2022,27-06-2023
683,Basic,13,03-08-2022,29-06-2023
684,Standard,10,11-08-2022,29-06-2023
685,Premium,12,15-08-2022,30-06-2023
686,Basic,14,18-08-2022,28-06-2023
687,Premium,13,26-08-2022,29-06-2023
688,Standard,10,03-09-2022,28-06-2023
689,Basic,15,04-09-2022,29-06-2023
690,Standard,15,05-09-2022,30-06-2023
691,Premium,11,01-09-2022,29-06-2023
692,Basic,15,31-08-2022,30-06-2023
693,Standard,14,01-09-2022,29-06-2023
694,Premium,14,17-09-2022,01-07-2023
695,Basic,13,21-09-2022,28-06-2023
696,Premium,15,29-09-2022,01-07-2023
697,Basic,12,06-10-2022,29-06-2023
698,Standard,10,12-10-2022,02-07-2023
699,Standard,13,07-10-2022,30-06-2023
700,Basic,12,04-10-2022,30-06-2023
701,Premium,11,24-09-2022,28-06-2023
702,Basic,14,25-09-2022,01-07-2023
703,Standard,14,27-09-2022,30-06-2023
704,Premium,13,30-09-2022,01-07-2023
705,Basic,13,04-10-2022,28-06-2023
706,Premium,12,24-10-2022,01-07-2023
707,Basic,12,28-10-2022,30-06-2023
708,Standard,13,02-11-2022,01-07-2023
709,Standard,12,07-11-2022,28-06-2023
710,Basic,10,10-11-2022,30-06-2023
711,Premium,14,15-11-2022,29-06-2023
712,Basic,13,08-11-2022,01-07-2023
713,Standard,10,01-11-2022,27-06-2023
714,Premium,15,30-10-2022,29-06-2023
715,Basic,12,28-10-2022,29-06-2023
716,Premium,10,26-10-2022,30-06-2023
717,Basic,15,18-10-2022,29-06-2023
718,Standard,14,30-09-2022,30-06-2023
719,Standard,10,03-09-2022,29-06-2023
720,Basic,10,23-08-2022,29-06-2023
721,Premium,10,16-08-2022,29-06-2023
722,Basic,13,11-08-2022,30-06-2023
723,Standard,10,01-08-2022,30-06-2023
724,Premium,14,01-08-2022,29-06-2023
725,Basic,12,01-08-2022,29-06-2023
726,Premium,14,02-08-2022,30-06-2023
727,Basic,11,04-08-2022,29-06-2023
728,Standard,14,04-08-2022,29-06-2023
729,Standard,15,07-07-2022,30-06-2023
730,Basic,12,27-06-2022,30-06-2023
731,Premium,13,19-06-2022,29-06-2023
732,Basic,12,19-06-2022,29-06-2023
733,Standard,10,18-06-2022,29-06-2023
734,Premium,14,19-06-2022,30-06-2023
735,Basic,14,24-06-2022,28-06-2023
736,Premium,11,30-06-2022,30-06-2023
737,Basic,15,02-07-2022,30-06-2023
738,Standard,14,26-06-2022,01-07-2023
739,Standard,13,21-06-2022,28-06-2023
740,Basic,14,16-06-2022,29-06-2023
741,Premium,14,09-06-2022,30-06-2023
742,Basic,13,10-06-2022,30-06-2023
743,Standard,15,10-06-2022,28-06-2023
744,Premium,13,11-06-2022,29-06-2023
745,Basic,11,12-06-2022,30-06-2023
746,Basic,15,15-06-2022,30-06-2023
747,Basic,11,25-06-2022,29-06-2023
748,Standard,13,30-06-2022,28-06-2023
749,Premium,12,06-07-2022,30-06-2023
750,Basic,13,09-07-2022,29-06-2023
751,Basic,14,18-07-2022,29-06-2023
752,Premium,10,24-07-2022,28-06-2023
753,Standard,12,27-07-2022,30-06-2023
754,Standard,11,10-08-2022,29-06-2023
755,Basic,13,16-08-2022,30-06-2023
756,Premium,14,23-08-2022,29-06-2023
757,Standard,11,03-09-2022,30-06-2023
758,Basic,12,04-09-2022,29-06-2023
759,Standard,14,05-09-2022,29-06-2023
760,Premium,13,04-09-2022,01-07-2023
761,Basic,11,31-08-2022,29-06-2023
762,Premium,10,01-09-2022,02-07-2023
763,Standard,10,15-09-2022,29-06-2023
764,Basic,15,18-09-2022,03-07-2023
765,Standard,11,28-09-2022,29-06-2023
766,Premium,13,30-09-2022,01-07-2023
767,Basic,15,07-10-2022,29-06-2023
768,Standard,10,08-10-2022,02-07-2023
769,Premium,14,08-10-2022,30-06-2023
770,Basic,11,03-10-2022,01-07-2023
771,Premium,14,04-10-2022,28-06-2023
772,Basic,12,02-10-2022,01-07-2023
773,Standard,13,01-10-2022,30-06-2023
774,Standard,15,03-10-2022,02-07-2023
775,Basic,11,20-10-2022,28-06-2023
776,Premium,11,21-10-2022,01-07-2023
777,Basic,11,28-10-2022,30-06-2023
778,Standard,13,03-11-2022,01-07-2023
779,Premium,10,07-11-2022,28-06-2023
780,Basic,15,12-11-2022,30-06-2023
781,Premium,14,13-11-2022,29-06-2023
782,Basic,13,02-11-2022,01-07-2023
783,Standard,13,01-11-2022,29-06-2023
784,Standard,14,31-10-2022,30-06-2023
785,Basic,12,28-10-2022,29-06-2023
786,Premium,13,24-10-2022,30-06-2023
787,Basic,12,03-10-2022,29-06-2023
788,Standard,12,13-09-2022,30-06-2023
789,Premium,11,02-09-2022,30-06-2023
790,Basic,14,30-08-2022,30-06-2023
791,Premium,15,25-08-2022,30-06-2023
792,Basic,12,11-08-2022,30-06-2023
793,Standard,11,05-08-2022,30-06-2023
794,Standard,12,02-08-2022,30-06-2023
795,Basic,11,03-08-2022,01-07-2023
796,Premium,12,04-08-2022,01-07-2023
797,Basic,10,05-08-2022,30-06-2023
798,Standard,15,12-07-2022,30-06-2023
799,Premium,10,02-07-2022,30-06-2023
800,Basic,12,26-06-2022,30-06-2023
801,Premium,10,22-06-2022,29-06-2023
802,Basic,13,22-06-2022,30-06-2023
803,Standard,14,19-06-2022,01-07-2023
804,Standard,14,22-06-2022,02-07-2023
805,Basic,15,27-06-2022,28-06-2023
806,Premium,15,01-07-2022,30-06-2023
807,Basic,11,28-06-2022,30-06-2023
808,Standard,13,25-06-2022,01-07-2023
809,Premium,10,22-06-2022,28-06-2023
810,Basic,13,09-06-2022,29-06-2023
811,Premium,13,10-06-2022,30-06-2023
812,Basic,15,11-06-2022,01-07-2023
813,Standard,10,11-06-2022,28-06-2023
814,Standard,10,12-06-2022,29-06-2023
815,Basic,15,13-06-2022,30-06-2023
816,Premium,15,18-06-2022,30-06-2023
817,Basic,15,29-06-2022,30-06-2023
818,Standard,13,30-06-2022,28-06-2023
819,Premium,14,01-07-2022,01-07-2023
820,Basic,11,07-07-2022,30-06-2023
821,Basic,12,13-07-2022,29-06-2023
822,Basic,11,24-07-2022,29-06-2023
823,Standard,15,29-07-2022,30-06-2023
824,Premium,13,31-07-2022,30-06-2023
825,Basic,12,09-08-2022,30-06-2023
826,Basic,11,18-08-2022,01-07-2023
827,Premium,15,20-08-2022,30-06-2023
828,Standard,15,30-08-2022,30-06-2023
829,Standard,10,01-09-2022,29-06-2023
830,Basic,13,02-09-2022,03-07-2023
831,Premium,10,02-09-2022,29-06-2023
832,Standard,14,15-09-2022,02-07-2023
833,Basic,13,17-09-2022,29-06-2023
834,Standard,14,26-09-2022,03-07-2023
835,Premium,12,27-09-2022,29-06-2023
836,Basic,15,04-10-2022,01-07-2023
837,Premium,12,06-10-2022,29-06-2023
838,Standard,11,07-10-2022,02-07-2023
839,Basic,13,06-10-2022,30-06-2023
840,Standard,15,07-10-2022,03-07-2023
841,Premium,13,06-10-2022,29-06-2023
842,Basic,14,06-10-2022,02-07-2023
843,Standard,13,04-10-2022,01-07-2023
844,Premium,10,14-10-2022,02-07-2023
845,Basic,12,19-10-2022,29-06-2023
846,Premium,12,21-10-2022,01-07-2023
847,Basic,11,28-10-2022,30-06-2023
848,Standard,11,01-11-2022,02-07-2023
849,Standard,10,12-11-2022,29-06-2023
850,Basic,13,13-11-2022,30-06-2023
851,Premium,15,09-11-2022,30-06-2023
852,Basic,12,08-11-2022,01-07-2023
853,Standard,14,06-11-2022,30-06-2023
854,Premium,10,07-11-2022,30-06-2023
855,Basic,12,02-11-2022,01-07-2023
856,Premium,10,06-10-2022,30-06-2023
857,Basic,15,16-09-2022,30-06-2023
858,Standard,14,10-09-2022,30-06-2023
859,Standard,12,04-09-2022,30-06-2023
860,Basic,13,26-08-2022,01-07-2023
861,Premium,14,14-08-2022,01-07-2023
862,Basic,14,12-08-2022,01-07-2023
863,Standard,12,10-08-2022,30-06-2023
864,Premium,11,10-08-2022,01-07-2023
865,Basic,15,04-08-2022,01-07-2023
866,Premium,10,05-08-2022,01-07-2023
867,Basic,13,17-07-2022,30-06-2023
868,Standard,12,16-07-2022,01-07-2023
869,Standard,15,13-07-2022,01-07-2023
870,Basic,13,03-07-2022,02-07-2023
871,Premium,11,24-06-2022,29-06-2023
872,Basic,14,21-06-2022,01-07-2023
873,Standard,10,22-06-2022,01-07-2023
874,Premium,10,23-06-2022,02-07-2023
875,Basic,14,26-06-2022,29-06-2023
876,Premium,11,27-06-2022,30-06-2023
877,Basic,13,28-06-2022,01-07-2023
878,Standard,13,28-06-2022,02-07-2023
879,Standard,12,18-06-2022,29-06-2023
880,Basic,11,11-06-2022,30-06-2023
881,Premium,11,11-06-2022,01-07-2023
882,Basic,13,12-06-2022,01-07-2023
883,Standard,15,13-06-2022,29-06-2023
884,Premium,11,13-06-2022,29-06-2023
885,Basic,11,18-06-2022,02-07-2023
886,Premium,15,23-06-2022,30-06-2023
887,Basic,12,26-06-2022,30-06-2023
888,Standard,13,29-06-2022,29-06-2023
889,Standard,10,02-07-2022,01-07-2023
890,Basic,10,06-07-2022,30-06-2023
891,Premium,14,18-07-2022,30-06-2023
892,Basic,15,29-07-2022,30-06-2023
893,Standard,13,30-07-2022,01-07-2023
894,Premium,13,03-08-2022,01-07-2023
895,Basic,10,15-08-2022,30-06-2023
896,Basic,10,20-08-2022,01-07-2023
897,Basic,14,21-08-2022,30-06-2023
898,Standard,11,30-08-2022,02-07-2023
899,Premium,15,01-09-2022,29-06-2023
900,Basic,14,02-09-2022,03-07-2023
901,Basic,12,04-09-2022,30-06-2023
902,Premium,12,10-09-2022,02-07-2023
903,Standard,11,25-09-2022,29-06-2023
904,Standard,12,27-09-2022,03-07-2023
905,Basic,13,01-10-2022,30-06-2023
906,Premium,13,06-10-2022,02-07-2023
907,Standard,15,07-10-2022,30-06-2023
908,Basic,13,08-10-2022,03-07-2023
909,Standard,14,08-10-2022,01-07-2023
910,Premium,10,08-10-2022,03-07-2023
911,Basic,13,08-10-2022,29-06-2023
912,Premium,15,08-10-2022,02-07-2023
913,Standard,15,10-10-2022,01-07-2023
914,Basic,12,19-10-2022,02-07-2023
915,Standard,15,20-10-2022,29-06-2023
916,Premium,12,26-10-2022,01-07-2023
917,Basic,14,29-10-2022,30-06-2023
918,Standard,10,31-10-2022,02-07-2023
919,Premium,15,11-11-2022,29-06-2023
920,Basic,14,09-11-2022,01-07-2023
921,Premium,14,09-11-2022,01-07-2023
922,Basic,13,07-11-2022,01-07-2023
923,Standard,13,08-11-2022,30-06-2023
924,Standard,14,05-11-2022,01-07-2023
925,Basic,10,25-10-2022,01-07-2023
926,Premium,13,23-10-2022,02-07-2023
927,Basic,11,20-10-2022,02-07-2023
928,Standard,11,14-10-2022,01-07-2023
929,Premium,13,29-08-2022,30-06-2023
930,Basic,10,18-08-2022,01-07-2023
931,Premium,13,13-08-2022,02-07-2023
932,Basic,11,11-08-2022,02-07-2023
933,Standard,10,11-08-2022,01-07-2023
934,Standard,11,06-08-2022,01-07-2023
935,Basic,10,07-08-2022,02-07-2023
936,Premium,15,18-07-2022,02-07-2023
937,Basic,10,17-07-2022,30-06-2023
938,Standard,14,15-07-2022,02-07-2023
939,Premium,10,14-07-2022,02-07-2023
940,Basic,12,26-06-2022,03-07-2023
941,Premium,10,26-06-2022,29-06-2023
942,Basic,12,22-06-2022,01-07-2023
943,Standard,15,23-06-2022,01-07-2023
944,Standard,10,24-06-2022,02-07-2023
945,Basic,13,26-06-2022,29-06-2023
946,Premium,14,28-06-2022,01-07-2023
947,Basic,10,29-06-2022,02-07-2023
948,Standard,12,26-06-2022,02-07-2023
949,Premium,14,26-06-2022,30-06-2023
950,Basic,10,20-06-2022,30-06-2023
951,Premium,12,18-06-2022,03-07-2023
952,Basic,10,16-06-2022,01-07-2023
953,Standard,10,16-06-2022,30-06-2023
954,Standard,13,17-06-2022,30-06-2023
955,Basic,15,20-06-2022,02-07-2023
956,Premium,10,24-06-2022,01-07-2023
957,Basic,14,27-06-2022,01-07-2023
958,Standard,10,02-07-2022,01-07-2023
959,Premium,14,04-07-2022,02-07-2023
960,Basic,15,15-07-2022,30-06-2023
961,Premium,15,23-07-2022,01-07-2023
962,Basic,12,29-07-2022,01-07-2023
963,Standard,13,01-08-2022,01-07-2023
964,Standard,13,12-08-2022,03-07-2023
965,Basic,10,14-08-2022,30-06-2023
966,Premium,12,16-08-2022,04-07-2023
967,Basic,10,26-08-2022,30-06-2023
968,Standard,13,31-08-2022,03-07-2023
969,Premium,12,02-09-2022,30-06-2023
970,Basic,15,03-09-2022,03-07-2023
971,Basic,10,05-09-2022,01-07-2023
972,Basic,14,10-09-2022,02-07-2023
973,Standard,12,17-09-2022,01-07-2023
974,Premium,13,28-09-2022,03-07-2023
975,Basic,12,02-10-2022,30-06-2023
976,Basic,15,05-10-2022,03-07-2023
977,Premium,11,07-10-2022,30-06-2023
978,Standard,13,08-10-2022,03-07-2023
979,Standard,15,08-10-2022,01-07-2023
980,Basic,11,09-10-2022,03-07-2023
981,Premium,10,09-10-2022,30-06-2023
982,Standard,12,10-10-2022,02-07-2023
983,Basic,11,14-10-2022,01-07-2023
984,Standard,15,16-10-2022,03-07-2023
985,Premium,11,21-10-2022,29-06-2023
986,Basic,15,25-10-2022,01-07-2023
987,Premium,11,30-10-2022,01-07-2023
988,Standard,12,31-10-2022,02-07-2023
989,Basic,12,08-11-2022,01-07-2023
990,Standard,15,09-11-2022,01-07-2023
991,Premium,11,07-11-2022,01-07-2023
992,Basic,13,08-11-2022,03-07-2023
993,Standard,14,08-11-2022,03-07-2023
994,Premium,11,31-10-2022,02-07-2023
995,Basic,14,28-10-2022,01-07-2023
996,Premium,15,25-10-2022,02-07-2023
997,Basic,14,18-10-2022,02-07-2023
998,Standard,15,25-09-2022,02-07-2023
999,Standard,10,26-08-2022,01-07-2023
1000,Basic,10,20-08-2022,02-07-2023
1001,Premium,12,12-08-2022,03-07-2023
1002,Basic,13,12-08-2022,03-07-2023
1003,Standard,13,11-08-2022,01-07-2023
1004,Premium,14,11-08-2022,02-07-2023
1005,Basic,12,10-08-2022,02-07-2023
1006,Premium,10,31-07-2022,03-07-2023
1007,Basic,12,17-07-2022,30-06-2023
1008,Standard,10,15-07-2022,02-07-2023
1009,Standard,14,05-07-2022,02-07-2023
1010,Basic,12,01-07-2022,03-07-2023
1011,Premium,15,01-07-2022,30-06-2023
1012,Basic,15,26-06-2022,01-07-2023
1013,Standard,12,27-06-2022,02-07-2023
1014,Premium,10,28-06-2022,02-07-2023
1015,Basic,12,28-06-2022,30-06-2023
1016,Premium,10,29-06-2022,01-07-2023
1017,Basic,10,26-06-2022,02-07-2023
1018,Standard,13,26-06-2022,02-07-2023
1019,Standard,14,24-06-2022,30-06-2023
1020,Basic,13,21-06-2022,01-07-2023
1021,Premium,13,22-06-2022,03-07-2023
1022,Basic,11,18-06-2022,02-07-2023
1023,Standard,10,18-06-2022,02-07-2023
1024,Premium,10,20-06-2022,01-07-2023
1025,Basic,13,23-06-2022,03-07-2023
1026,Premium,10,26-06-2022,01-07-2023
1027,Basic,12,02-07-2022,01-07-2023
1028,Standard,12,04-07-2022,01-07-2023
1029,Standard,10,07-07-2022,02-07-2023
1030,Basic,13,14-07-2022,01-07-2023
1031,Premium,13,20-07-2022,01-07-2023
1032,Basic,15,23-07-2022,02-07-2023
1033,Standard,15,30-07-2022,01-07-2023
1034,Premium,11,12-08-2022,03-07-2023
1035,Basic,14,14-08-2022,01-07-2023
1036,Premium,14,22-08-2022,04-07-2023
1037,Basic,10,29-08-2022,30-06-2023
1038,Standard,12,02-09-2022,03-07-2023
1039,Standard,13,03-09-2022,01-07-2023
1040,Basic,11,04-09-2022,04-07-2023
1041,Premium,13,06-09-2022,01-07-2023
1042,Basic,14,10-09-2022,02-07-2023
1043,Standard,12,20-09-2022,01-07-2023
1044,Premium,11,26-09-2022,03-07-2023
1045,Basic,13,04-10-2022,01-07-2023
1046,Basic,13,06-10-2022,03-07-2023
1047,Basic,13,07-10-2022,01-07-2023
1048,Standard,15,08-10-2022,03-07-2023
1049,Premium,14,09-10-2022,01-07-2023
1050,Basic,15,10-10-2022,03-07-2023
1051,Basic,11,10-10-2022,30-06-2023
1052,Premium,14,14-10-2022,02-07-2023
1053,Standard,13,15-10-2022,01-07-2023
1054,Standard,12,17-10-2022,03-07-2023
1055,Basic,11,23-10-2022,01-07-2023
1056,Premium,15,27-10-2022,02-07-2023
1057,Standard,14,29-10-2022,02-07-2023
1058,Basic,15,05-11-2022,02-07-2023
1059,Standard,15,07-11-2022,02-07-2023
1060,Premium,10,08-11-2022,02-07-2023
1061,Basic,15,09-11-2022,01-07-2023
1062,Premium,10,10-11-2022,03-07-2023
1063,Standard,13,02-11-2022,03-07-2023
1064,Basic,11,31-10-2022,02-07-2023
1065,Standard,15,29-10-2022,02-07-2023
1066,Premium,12,22-10-2022,03-07-2023
1067,Basic,14,20-10-2022,02-07-2023
1068,Standard,15,21-10-2022,04-07-2023
1069,Premium,13,10-10-2022,02-07-2023
1070,Basic,15,06-09-2022,03-07-2023
1071,Premium,12,06-09-2022,03-07-2023
1072,Basic,11,13-08-2022,03-07-2023
1073,Standard,11,13-08-2022,01-07-2023
1074,Standard,12,13-08-2022,02-07-2023
1075,Basic,11,06-08-2022,03-07-2023
1076,Premium,15,06-08-2022,03-07-2023
1077,Basic,15,22-07-2022,30-06-2023
1078,Standard,14,17-07-2022,02-07-2023
1079,Premium,12,09-07-2022,02-07-2023
1080,Basic,11,04-07-2022,03-07-2023
1081,Premium,10,27-06-2022,30-06-2023
1082,Basic,13,28-06-2022,02-07-2023
1083,Standard,12,28-06-2022,02-07-2023
1084,Standard,10,29-06-2022,03-07-2023
1085,Basic,10,29-06-2022,30-06-2023
1086,Premium,15,26-06-2022,01-07-2023
1087,Basic,11,26-06-2022,03-07-2023
1088,Standard,10,26-06-2022,02-07-2023
1089,Premium,14,24-06-2022,30-06-2023
1090,Basic,14,25-06-2022,02-07-2023
1091,Premium,12,20-06-2022,03-07-2023
1092,Basic,15,21-06-2022,02-07-2023
1093,Standard,12,20-06-2022,02-07-2023
1094,Standard,10,22-06-2022,02-07-2023
1095,Basic,10,24-06-2022,03-07-2023
1096,Premium,15,30-06-2022,02-07-2023
1097,Basic,13,03-07-2022,02-07-2023
1098,Standard,10,04-07-2022,02-07-2023
1099,Premium,13,08-07-2022,02-07-2023
1100,Basic,10,19-07-2022,01-07-2023
1101,Premium,11,21-07-2022,01-07-2023
1102,Basic,15,27-07-2022,03-07-2023
1103,Standard,14,02-08-2022,01-07-2023
1104,Standard,10,09-08-2022,03-07-2023
1105,Basic,15,21-08-2022,01-07-2023
1106,Premium,14,29-08-2022,04-07-2023
1107,Basic,15,31-08-2022,01-07-2023
1108,Standard,10,02-09-2022,03-07-2023
1109,Premium,13,04-09-2022,01-07-2023
1110,Basic,13,05-09-2022,04-07-2023
1111,Premium,13,10-09-2022,01-07-2023
1112,Basic,15,13-09-2022,03-07-2023
1113,Standard,13,20-09-2022,01-07-2023
1114,Standard,15,01-10-2022,03-07-2023
1115,Basic,14,03-10-2022,01-07-2023
1116,Premium,11,06-10-2022,04-07-2023
1117,Basic,15,08-10-2022,01-07-2023
1118,Standard,13,09-10-2022,03-07-2023
1119,Premium,12,10-10-2022,02-07-2023
1120,Basic,13,10-10-2022,04-07-2023
1121,Basic,15,12-10-2022,01-07-2023
1122,Basic,11,14-10-2022,02-07-2023
1123,Standard,15,15-10-2022,02-07-2023
1124,Premium,11,17-10-2022,03-07-2023
1125,Basic,15,19-10-2022,02-07-2023
1126,Basic,14,25-10-2022,02-07-2023
1127,Premium,11,26-10-2022,02-07-2023
1128,Standard,10,05-11-2022,03-07-2023
1129,Standard,14,07-11-2022,03-07-2023
1130,Basic,14,08-11-2022,03-07-2023
1131,Premium,14,09-11-2022,02-07-2023
1132,Standard,13,06-11-2022,03-07-2023
1133,Basic,12,04-11-2022,03-07-2023
1134,Standard,13,03-11-2022,05-07-2023
1135,Premium,13,23-10-2022,02-07-2023
1136,Basic,14,24-10-2022,04-07-2023
1137,Premium,13,23-10-2022,04-07-2023
1138,Standard,12,21-10-2022,04-07-2023
1139,Basic,14,11-09-2022,02-07-2023
1140,Standard,10,09-09-2022,03-07-2023
1141,Premium,12,22-08-2022,03-07-2023
1142,Basic,13,21-08-2022,04-07-2023
1143,Standard,13,15-08-2022,01-07-2023
1144,Premium,14,14-08-2022,03-07-2023
1145,Basic,11,09-08-2022,03-07-2023
1146,Premium,12,04-08-2022,04-07-2023
1147,Basic,11,27-07-2022,01-07-2023
1148,Standard,12,11-07-2022,02-07-2023
1149,Standard,13,09-07-2022,03-07-2023
1150,Basic,15,01-07-2022,03-07-2023
1151,Premium,12,30-06-2022,01-07-2023
1152,Basic,11,29-06-2022,02-07-2023
1153,Standard,15,29-06-2022,03-07-2023
1154,Premium,10,30-06-2022,03-07-2023
1155,Basic,10,30-06-2022,30-06-2023
1156,Premium,14,26-06-2022,02-07-2023
1157,Basic,14,27-06-2022,03-07-2023
1158,Standard,12,25-06-2022,02-07-2023
1159,Standard,15,25-06-2022,01-07-2023
1160,Basic,12,20-06-2022,03-07-2023
1161,Premium,12,21-06-2022,03-07-2023
1162,Basic,10,21-06-2022,02-07-2023
1163,Standard,13,22-06-2022,03-07-2023
1164,Premium,15,23-06-2022,02-07-2023
1165,Basic,15,27-06-2022,03-07-2023
1166,Premium,13,02-07-2022,02-07-2023
1167,Basic,12,03-07-2022,02-07-2023
1168,Standard,13,05-07-2022,02-07-2023
1169,Standard,13,15-07-2022,02-07-2023
1170,Basic,11,20-07-2022,02-07-2023
1171,Premium,14,27-07-2022,02-07-2023
1172,Basic,11,29-07-2022,04-07-2023
1173,Standard,11,03-08-2022,01-07-2023
1174,Premium,11,18-08-2022,04-07-2023
1175,Basic,12,23-08-2022,02-07-2023
1176,Premium,11,27-08-2022,05-07-2023
1177,Basic,15,01-09-2022,02-07-2023
1178,Standard,12,03-09-2022,04-07-2023
1179,Standard,14,05-09-2022,02-07-2023
1180,Basic,14,09-09-2022,04-07-2023
1181,Premium,15,11-09-2022,01-07-2023
1182,Basic,14,17-09-2022,04-07-2023
1183,Standard,15,19-09-2022,02-07-2023
1184,Premium,13,28-09-2022,03-07-2023
1185,Basic,14,06-10-2022,02-07-2023
1186,Premium,13,07-10-2022,05-07-2023
1187,Basic,14,09-10-2022,01-07-2023
1188,Standard,10,10-10-2022,03-07-2023
1189,Standard,12,11-10-2022,03-07-2023
1190,Basic,15,12-10-2022,04-07-2023
1191,Premium,12,13-10-2022,01-07-2023
1192,Basic,11,14-10-2022,03-07-2023
1193,Standard,14,16-10-2022,03-07-2023
1194,Premium,15,19-10-2022,04-07-2023
1195,Basic,12,23-10-2022,02-07-2023
1196,Basic,13,24-10-2022,03-07-2023
1197,Basic,14,25-10-2022,03-07-2023
1198,Standard,10,01-11-2022,04-07-2023
1199,Premium,11,02-11-2022,04-07-2023
1200,Basic,12,04-11-2022,06-07-2023
1201,Basic,10,06-11-2022,03-07-2023
1202,Premium,15,06-11-2022,03-07-2023
1203,Standard,12,04-11-2022,04-07-2023
1204,Standard,13,30-10-2022,05-07-2023
1205,Basic,12,27-10-2022,03-07-2023
1206,Premium,13,23-10-2022,04-07-2023
1207,Standard,12,23-10-2022,04-07-2023
1208,Basic,11,24-09-2022,04-07-2023
1209,Standard,11,22-09-2022,02-07-2023
1210,Premium,14,06-09-2022,03-07-2023
1211,Basic,10,23-08-2022,04-07-2023
1212,Premium,13,21-08-2022,04-07-2023
1213,Standard,10,16-08-2022,02-07-2023
1214,Basic,10,09-08-2022,03-07-2023
1215,Standard,13,04-08-2022,03-07-2023
1216,Premium,15,28-07-2022,04-07-2023
1217,Basic,12,12-07-2022,01-07-2023
1218,Standard,13,11-07-2022,03-07-2023
1219,Premium,12,06-07-2022,04-07-2023
1220,Basic,13,01-07-2022,03-07-2023
1221,Premium,15,02-07-2022,01-07-2023
1222,Basic,15,30-06-2022,03-07-2023
1223,Standard,12,30-06-2022,03-07-2023
1224,Standard,15,30-06-2022,03-07-2023
1225,Basic,13,30-06-2022,01-07-2023
1226,Premium,15,29-06-2022,03-07-2023
1227,Basic,15,27-06-2022,04-07-2023
1228,Standard,15,26-06-2022,03-07-2023
1229,Premium,12,24-06-2022,01-07-2023
1230,Basic,12,25-06-2022,03-07-2023
1231,Premium,13,24-06-2022,03-07-2023
1232,Basic,11,22-06-2022,03-07-2023
1233,Standard,13,23-06-2022,03-07-2023
1234,Standard,12,25-06-2022,03-07-2023
1235,Basic,13,29-06-2022,03-07-2023
1236,Premium,15,01-07-2022,02-07-2023
1237,Basic,11,05-07-2022,02-07-2023
1238,Standard,12,12-07-2022,04-07-2023
1239,Premium,11,16-07-2022,02-07-2023
1240,Basic,11,20-07-2022,04-07-2023
1241,Premium,14,28-07-2022,02-07-2023
1242,Basic,14,31-07-2022,05-07-2023
1243,Standard,14,14-08-2022,02-07-2023
1244,Standard,12,16-08-2022,04-07-2023
1245,Basic,14,18-08-2022,03-07-2023
1246,Premium,15,27-08-2022,05-07-2023
1247,Basic,13,01-09-2022,02-07-2023
1248,Standard,13,03-09-2022,05-07-2023
1249,Premium,14,07-09-2022,03-07-2023
1250,Basic,10,08-09-2022,04-07-2023
1251,Premium,10,14-09-2022,03-07-2023
1252,Basic,11,15-09-2022,05-07-2023
1253,Standard,11,27-09-2022,02-07-2023
1254,Standard,14,30-09-2022,04-07-2023
1255,Basic,10,02-10-2022,04-07-2023
1256,Premium,13,03-10-2022,05-07-2023
1257,Basic,14,05-10-2022,01-07-2023
1258,Standard,15,10-10-2022,03-07-2023
1259,Premium,13,11-10-2022,03-07-2023
1260,Basic,11,13-10-2022,04-07-2023
1261,Premium,11,14-10-2022,02-07-2023
1262,Basic,12,16-10-2022,03-07-2023
1263,Standard,14,18-10-2022,03-07-2023
1264,Standard,11,22-10-2022,05-07-2023
1265,Basic,10,24-10-2022,03-07-2023
1266,Premium,15,25-10-2022,04-07-2023
1267,Basic,14,29-10-2022,03-07-2023
1268,Standard,13,02-11-2022,04-07-2023
1269,Premium,12,03-11-2022,05-07-2023
1270,Basic,11,04-11-2022,06-07-2023
1271,Basic,13,05-11-2022,03-07-2023
1272,Basic,13,05-11-2022,04-07-2023
1273,Standard,13,31-10-2022,04-07-2023
1274,Premium,12,27-10-2022,05-07-2023
1275,Basic,11,25-10-2022,03-07-2023
1276,Basic,12,26-10-2022,04-07-2023
1277,Premium,11,30-09-2022,04-07-2023
1278,Standard,13,27-09-2022,05-07-2023
1279,Standard,14,12-09-2022,03-07-2023
1280,Basic,14,25-08-2022,04-07-2023
1281,Premium,13,25-08-2022,04-07-2023
1282,Standard,12,22-08-2022,05-07-2023
1283,Basic,10,17-08-2022,02-07-2023
1284,Standard,12,09-08-2022,03-07-2023
1285,Premium,10,06-08-2022,04-07-2023
1286,Basic,15,17-07-2022,04-07-2023
1287,Premium,11,12-07-2022,02-07-2023
1288,Standard,11,12-07-2022,03-07-2023
1289,Basic,12,02-07-2022,04-07-2023
1290,Standard,13,02-07-2022,03-07-2023
1291,Premium,10,30-06-2022,02-07-2023
1292,Basic,12,30-06-2022,04-07-2023
1293,Standard,11,01-07-2022,04-07-2023
1294,Premium,11,30-06-2022,04-07-2023
1295,Basic,10,29-06-2022,02-07-2023
1296,Premium,12,30-06-2022,03-07-2023
1297,Basic,14,29-06-2022,04-07-2023
1298,Standard,14,26-06-2022,03-07-2023
1299,Standard,14,27-06-2022,01-07-2023
1300,Basic,11,24-06-2022,03-07-2023
1301,Premium,14,23-06-2022,04-07-2023
1302,Basic,11,23-06-2022,03-07-2023
1303,Standard,14,25-06-2022,03-07-2023
1304,Premium,11,28-06-2022,03-07-2023
1305,Basic,11,01-07-2022,03-07-2023
1306,Premium,15,02-07-2022,05-07-2023
1307,Basic,10,06-07-2022,03-07-2023
1308,Standard,15,12-07-2022,06-07-2023
1309,Standard,13,17-07-2022,02-07-2023
1310,Basic,15,23-07-2022,05-07-2023
1311,Premium,15,29-07-2022,04-07-2023
1312,Basic,11,06-08-2022,06-07-2023
1313,Standard,10,09-08-2022,02-07-2023
1314,Premium,13,14-08-2022,05-07-2023
1315,Basic,11,20-08-2022,03-07-2023
1316,Premium,12,28-08-2022,05-07-2023
1317,Basic,11,02-09-2022,03-07-2023
1318,Standard,11,04-09-2022,05-07-2023
1319,Standard,14,06-09-2022,03-07-2023
1320,Basic,10,14-09-2022,05-07-2023
1321,Premium,13,15-09-2022,04-07-2023
1322,Basic,11,16-09-2022,06-07-2023
1323,Standard,10,28-09-2022,02-07-2023
1324,Premium,10,02-10-2022,04-07-2023
1325,Basic,15,03-10-2022,04-07-2023
1326,Premium,10,05-10-2022,05-07-2023
1327,Basic,12,07-10-2022,02-07-2023
1328,Standard,12,09-10-2022,04-07-2023
1329,Standard,11,11-10-2022,04-07-2023
1330,Basic,14,13-10-2022,05-07-2023
1331,Premium,12,15-10-2022,02-07-2023
1332,Basic,12,17-10-2022,04-07-2023
1333,Standard,14,21-10-2022,04-07-2023
1334,Premium,12,23-10-2022,05-07-2023
1335,Basic,12,24-10-2022,06-07-2023
1336,Premium,12,28-10-2022,04-07-2023
1337,Basic,11,31-10-2022,04-07-2023
1338,Standard,14,03-11-2022,04-07-2023
1339,Standard,11,04-11-2022,05-07-2023
1340,Basic,14,05-11-2022,06-07-2023
1341,Premium,14,06-11-2022,04-07-2023
1342,Basic,12,01-11-2022,05-07-2023
1343,Standard,10,01-11-2022,05-07-2023
1344,Premium,11,29-10-2022,05-07-2023
1345,Basic,10,27-10-2022,03-07-2023
1346,Basic,12,16-10-2022,04-07-2023
1347,Basic,13,14-10-2022,04-07-2023
1348,Standard,13,14-09-2022,05-07-2023
1349,Premium,14,03-09-2022,03-07-2023
1350,Basic,13,27-08-2022,04-07-2023
1351,Basic,12,27-08-2022,05-07-2023
1352,Premium,13,21-08-2022,05-07-2023
1353,Standard,13,13-08-2022,02-07-2023
1354,Standard,13,12-08-2022,04-07-2023
1355,Basic,12,24-07-2022,04-07-2023
1356,Premium,11,24-07-2022,04-07-2023
1357,Standard,11,12-07-2022,02-07-2023
1358,Basic,13,09-07-2022,04-07-2023
1359,Standard,13,09-07-2022,05-07-2023
1360,Premium,10,10-07-2022,04-07-2023
1361,Basic,12,02-07-2022,02-07-2023
1362,Premium,13,02-07-2022,04-07-2023
1363,Standard,11,01-07-2022,05-07-2023
1364,Basic,14,01-07-2022,04-07-2023
1365,Standard,10,30-06-2022,02-07-2023
1366,Premium,15,29-06-2022,04-07-2023
1367,Basic,11,26-06-2022,04-07-2023
1368,Standard,14,27-06-2022,03-07-2023
1369,Premium,13,25-06-2022,03-07-2023
1370,Basic,13,23-06-2022,04-07-2023
1371,Premium,14,24-06-2022,04-07-2023
1372,Basic,12,25-06-2022,05-07-2023
1373,Standard,13,26-06-2022,04-07-2023
1374,Standard,14,27-06-2022,07-07-2023
1375,Basic,12,30-06-2022,03-07-2023
1376,Premium,14,03-07-2022,05-07-2023
1377,Basic,13,09-07-2022,04-07-2023
1378,Standard,14,17-07-2022,06-07-2023
1379,Premium,11,22-07-2022,03-07-2023
1380,Basic,11,28-07-2022,05-07-2023
1381,Premium,12,04-08-2022,04-07-2023
1382,Basic,13,08-08-2022,06-07-2023
1383,Standard,13,13-08-2022,04-07-2023
1384,Standard,13,17-08-2022,05-07-2023
1385,Basic,15,20-08-2022,04-07-2023
1386,Premium,14,28-08-2022,06-07-2023
1387,Basic,13,29-08-2022,04-07-2023
1388,Standard,15,03-09-2022,05-07-2023
1389,Premium,13,10-09-2022,03-07-2023
1390,Basic,11,13-09-2022,05-07-2023
1391,Premium,14,15-09-2022,04-07-2023
1392,Basic,13,25-09-2022,06-07-2023
1393,Standard,10,01-10-2022,03-07-2023
1394,Standard,11,02-10-2022,04-07-2023
1395,Basic,11,05-10-2022,04-07-2023
1396,Premium,14,06-10-2022,05-07-2023
1397,Basic,14,07-10-2022,03-07-2023
1398,Standard,12,10-10-2022,04-07-2023
1399,Premium,12,12-10-2022,04-07-2023
1400,Basic,14,15-10-2022,06-07-2023
1401,Premium,12,17-10-2022,05-07-2023
1402,Basic,13,21-10-2022,04-07-2023
1403,Standard,14,23-10-2022,05-07-2023
1404,Standard,14,24-10-2022,05-07-2023
1405,Basic,11,27-10-2022,06-07-2023
1406,Premium,10,30-10-2022,07-07-2023
1407,Basic,14,31-10-2022,04-07-2023
1408,Standard,14,03-11-2022,04-07-2023
1409,Premium,15,05-11-2022,06-07-2023
1410,Basic,14,06-11-2022,06-07-2023
1411,Premium,14,01-11-2022,04-07-2023
1412,Basic,15,02-11-2022,05-07-2023
1413,Standard,13,02-11-2022,05-07-2023
1414,Standard,15,01-11-2022,06-07-2023
1415,Basic,11,17-10-2022,03-07-2023
1416,Premium,11,18-10-2022,05-07-2023
1417,Basic,13,28-09-2022,05-07-2023
1418,Standard,15,23-09-2022,05-07-2023
1419,Premium,15,22-09-2022,03-07-2023
1420,Basic,12,31-08-2022,04-07-2023
1421,Basic,15,28-08-2022,05-07-2023
1422,Basic,15,27-08-2022,05-07-2023
1423,Standard,12,17-08-2022,03-07-2023
1424,Premium,14,09-08-2022,04-07-2023
1425,Basic,13,24-07-2022,05-07-2023
1426,Basic,12,16-07-2022,04-07-2023
1427,Premium,10,15-07-2022,03-07-2023
1428,Standard,12,12-07-2022,05-07-2023
1429,Standard,12,12-07-2022,06-07-2023
1430,Basic,13,09-07-2022,05-07-2023
1431,Premium,10,05-07-2022,02-07-2023
1432,Standard,11,05-07-2022,05-07-2023
1433,Basic,10,03-07-2022,05-07-2023
1434,Standard,13,01-07-2022,04-07-2023
1435,Premium,12,30-06-2022,03-07-2023
1436,Basic,14,27-06-2022,04-07-2023
1437,Premium,13,28-06-2022,04-07-2023
1438,Standard,10,28-06-2022,05-07-2023
1439,Basic,14,24-06-2022,04-07-2023
1440,Standard,11,24-06-2022,05-07-2023
1441,Premium,11,25-06-2022,04-07-2023
1442,Basic,10,26-06-2022,06-07-2023
1443,Standard,13,27-06-2022,05-07-2023
1444,Premium,13,29-06-2022,07-07-2023
1445,Basic,11,02-07-2022,03-07-2023
1446,Premium,13,07-07-2022,05-07-2023
1447,Basic,11,13-07-2022,05-07-2023
1448,Standard,14,18-07-2022,07-07-2023
1449,Standard,14,24-07-2022,04-07-2023
1450,Basic,12,31-07-2022,06-07-2023
1451,Premium,15,01-08-2022,05-07-2023
1452,Basic,10,08-08-2022,06-07-2023
1453,Standard,14,13-08-2022,04-07-2023
1454,Premium,11,14-08-2022,06-07-2023
1455,Basic,11,23-08-2022,04-07-2023
1456,Premium,14,27-08-2022,06-07-2023
1457,Basic,10,31-08-2022,05-07-2023
1458,Standard,14,09-09-2022,06-07-2023
1459,Standard,10,10-09-2022,04-07-2023
1460,Basic,14,12-09-2022,05-07-2023
1461,Premium,11,17-09-2022,05-07-2023
1462,Basic,13,21-09-2022,06-07-2023
1463,Standard,11,02-10-2022,03-07-2023
1464,Premium,10,04-10-2022,05-07-2023
1465,Basic,14,06-10-2022,04-07-2023
1466,Premium,13,07-10-2022,06-07-2023
1467,Basic,12,08-10-2022,04-07-2023
1468,Standard,12,11-10-2022,05-07-2023
1469,Standard,12,13-10-2022,04-07-2023
1470,Basic,10,15-10-2022,06-07-2023
1471,Premium,10,19-10-2022,06-07-2023
1472,Basic,14,21-10-2022,06-07-2023
1473,Standard,14,23-10-2022,05-07-2023
1474,Premium,12,26-10-2022,05-07-2023
1475,Basic,13,27-10-2022,06-07-2023
1476,Premium,10,31-10-2022,07-07-2023
1477,Basic,13,03-11-2022,05-07-2023
1478,Standard,15,05-11-2022,06-07-2023
1479,Standard,12,06-11-2022,06-07-2023
1480,Basic,13,03-11-2022,07-07-2023
1481,Premium,14,03-11-2022,04-07-2023
1482,Basic,13,04-11-2022,05-07-2023
1483,Standard,14,02-11-2022,06-07-2023
1484,Premium,13,27-10-2022,06-07-2023
1485,Basic,15,27-10-2022,04-07-2023
1486,Premium,14,15-10-2022,05-07-2023
1487,Basic,13,03-10-2022,05-07-2023
1488,Standard,10,25-09-2022,05-07-2023
1489,Standard,12,16-09-2022,03-07-2023
1490,Basic,12,14-09-2022,04-07-2023
1491,Premium,11,11-09-2022,05-07-2023
1492,Basic,15,09-09-2022,05-07-2023
1493,Standard,13,12-08-2022,03-07-2023
1494,Premium,13,04-08-2022,06-07-2023
1495,Basic,12,04-08-2022,06-07-2023
1496,Basic,13,31-07-2022,05-07-2023
1497,Basic,15,29-07-2022,03-07-2023
1498,Standard,15,14-07-2022,05-07-2023
1499,Premium,12,13-07-2022,06-07-2023
1500,Basic,14,11-07-2022,05-07-2023
1501,Basic,12,12-07-2022,03-07-2023
1502,Premium,14,11-07-2022,05-07-2023
1503,Standard,10,02-07-2022,05-07-2023
1504,Standard,11,30-06-2022,06-07-2023
1505,Basic,12,30-06-2022,05-07-2023
1506,Premium,10,29-06-2022,05-07-2023
1507,Standard,15,30-06-2022,04-07-2023
1508,Basic,11,24-06-2022,05-07-2023
1509,Standard,12,25-06-2022,04-07-2023
1510,Premium,11,25-06-2022,07-07-2023
1511,Basic,13,26-06-2022,04-07-2023
1512,Premium,10,27-06-2022,06-07-2023
1513,Standard,12,29-06-2022,06-07-2023
1514,Basic,12,01-07-2022,07-07-2023
1515,Standard,10,03-07-2022,04-07-2023
1516,Premium,15,12-07-2022,07-07-2023
1517,Basic,11,15-07-2022,05-07-2023
1518,Standard,13,19-07-2022,07-07-2023
1519,Premium,14,27-07-2022,05-07-2023
1520,Basic,11,29-07-2022,06-07-2023
1521,Premium,11,06-08-2022,05-07-2023
1522,Basic,10,13-08-2022,06-07-2023
1523,Standard,13,14-08-2022,05-07-2023
1524,Standard,11,20-08-2022,07-07-2023
1525,Basic,14,24-08-2022,04-07-2023
1526,Premium,10,28-08-2022,06-07-2023
1527,Basic,15,05-09-2022,05-07-2023
1528,Standard,12,10-09-2022,07-07-2023
1529,Premium,12,11-09-2022,04-07-2023
1530,Basic,12,14-09-2022,06-07-2023
1531,Premium,12,21-09-2022,05-07-2023
1532,Basic,13,26-09-2022,07-07-2023
1533,Standard,10,30-09-2022,03-07-2023
1534,Standard,14,02-10-2022,06-07-2023
1535,Basic,12,06-10-2022,05-07-2023
1536,Premium,15,07-10-2022,06-07-2023
1537,Basic,15,09-10-2022,06-07-2023
1538,Standard,10,11-10-2022,05-07-2023
1539,Premium,14,12-10-2022,05-07-2023
1540,Basic,12,16-10-2022,06-07-2023
1541,Premium,15,17-10-2022,07-07-2023
1542,Basic,11,21-10-2022,07-07-2023
1543,Standard,15,23-10-2022,06-07-2023
1544,Standard,14,25-10-2022,05-07-2023
1545,Basic,13,27-10-2022,06-07-2023
1546,Premium,13,29-10-2022,08-07-2023
1547,Basic,13,01-11-2022,05-07-2023
1548,Standard,13,04-11-2022,06-07-2023
1549,Premium,10,04-11-2022,06-07-2023
1550,Basic,11,04-11-2022,07-07-2023
1551,Premium,14,05-11-2022,04-07-2023
1552,Basic,12,02-11-2022,05-07-2023
1553,Standard,12,03-11-2022,06-07-2023
1554,Standard,14,30-10-2022,06-07-2023
1555,Basic,13,31-10-2022,04-07-2023
1556,Premium,10,14-10-2022,05-07-2023
1557,Basic,14,26-09-2022,05-07-2023
1558,Standard,15,17-09-2022,06-07-2023
1559,Premium,12,16-09-2022,03-07-2023
1560,Basic,12,12-09-2022,07-07-2023
1561,Premium,14,12-09-2022,06-07-2023
1562,Basic,12,29-08-2022,05-07-2023
1563,Standard,15,25-08-2022,03-07-2023
1564,Standard,11,15-08-2022,06-07-2023
1565,Basic,10,11-08-2022,07-07-2023
1566,Premium,12,10-08-2022,06-07-2023
1567,Basic,13,26-07-2022,04-07-2023
1568,Standard,14,19-07-2022,06-07-2023
1569,Premium,10,17-07-2022,06-07-2023
1570,Basic,13,17-07-2022,06-07-2023
1571,Basic,10,17-07-2022,04-07-2023
1572,Basic,13,11-07-2022,06-07-2023
1573,Standard,15,07-07-2022,05-07-2023
1574,Premium,10,07-07-2022,06-07-2023
1575,Basic,11,08-07-2022,05-07-2023
1576,Basic,12,06-07-2022,08-07-2023
1577,Premium,10,03-07-2022,04-07-2023
1578,Standard,11,30-06-2022,06-07-2023
1579,Standard,11,27-06-2022,04-07-2023
1580,Basic,15,26-06-2022,08-07-2023
1581,Premium,15,27-06-2022,05-07-2023
1582,Standard,14,28-06-2022,08-07-2023
1583,Basic,12,30-06-2022,06-07-2023
1584,Standard,11,02-07-2022,07-07-2023
1585,Premium,10,05-07-2022,05-07-2023
1586,Basic,12,11-07-2022,07-07-2023
1587,Premium,12,18-07-2022,06-07-2023
1588,Standard,15,25-07-2022,07-07-2023
1589,Basic,11,28-07-2022,06-07-2023
1590,Standard,13,05-08-2022,08-07-2023
1591,Premium,14,09-08-2022,05-07-2023
1592,Basic,10,14-08-2022,06-07-2023
1593,Standard,14,15-08-2022,05-07-2023
1594,Premium,15,16-08-2022,07-07-2023
1595,Basic,12,25-08-2022,04-07-2023
1596,Premium,13,27-08-2022,06-07-2023
1597,Basic,13,06-09-2022,06-07-2023
1598,Standard,11,08-09-2022,07-07-2023
1599,Standard,13,13-09-2022,04-07-2023
1600,Basic,11,15-09-2022,06-07-2023
1601,Premium,14,19-09-2022,05-07-2023
1602,Basic,15,22-09-2022,07-07-2023
1603,Standard,13,24-09-2022,06-07-2023
1604,Premium,10,30-09-2022,06-07-2023
1605,Basic,11,03-10-2022,05-07-2023
1606,Premium,15,08-10-2022,07-07-2023
1607,Basic,15,09-10-2022,07-07-2023
1608,Standard,11,12-10-2022,08-07-2023
1609,Standard,14,15-10-2022,06-07-2023
1610,Basic,14,17-10-2022,06-07-2023
1611,Premium,15,19-10-2022,07-07-2023
1612,Basic,11,22-10-2022,09-07-2023
1613,Standard,15,23-10-2022,06-07-2023
1614,Premium,13,27-10-2022,07-07-2023
1615,Basic,11,28-10-2022,06-07-2023
1616,Premium,10,01-11-2022,08-07-2023
1617,Basic,11,04-11-2022,05-07-2023
1618,Standard,11,05-11-2022,06-07-2023
1619,Standard,14,04-11-2022,07-07-2023
1620,Basic,11,05-11-2022,07-07-2023
1621,Premium,10,04-11-2022,05-07-2023
1622,Basic,12,05-11-2022,05-07-2023
1623,Standard,12,03-11-2022,06-07-2023
1624,Premium,13,31-10-2022,07-07-2023
1625,Basic,10,26-10-2022,04-07-2023
1626,Premium,11,16-10-2022,06-07-2023
1627,Basic,15,16-10-2022,07-07-2023
1628,Standard,13,17-09-2022,06-07-2023
1629,Standard,14,12-09-2022,04-07-2023
1630,Basic,13,13-09-2022,07-07-2023
1631,Premium,14,09-09-2022,07-07-2023
1632,Basic,14,03-09-2022,06-07-2023
1633,Standard,11,31-08-2022,05-07-2023
1634,Premium,14,25-08-2022,07-07-2023
1635,Basic,12,15-08-2022,07-07-2023
1636,Premium,10,16-08-2022,07-07-2023
1637,Basic,11,28-07-2022,05-07-2023
1638,Standard,10,28-07-2022,06-07-2023
1639,Standard,15,22-07-2022,06-07-2023
1640,Basic,13,19-07-2022,06-07-2023
1641,Premium,10,16-07-2022,06-07-2023
1642,Basic,12,15-07-2022,09-07-2023
1643,Standard,11,16-07-2022,05-07-2023
1644,Premium,14,09-07-2022,06-07-2023
1645,Basic,12,07-07-2022,05-07-2023
1646,Basic,15,07-07-2022,09-07-2023
1647,Basic,11,06-07-2022,05-07-2023
1648,Standard,15,30-06-2022,06-07-2023
1649,Premium,15,27-06-2022,05-07-2023
1650,Basic,14,28-06-2022,08-07-2023
1651,Basic,14,28-06-2022,06-07-2023
1652,Premium,11,29-06-2022,08-07-2023
1653,Standard,13,01-07-2022,06-07-2023
1654,Standard,14,03-07-2022,07-07-2023
1655,Basic,15,04-07-2022,06-07-2023
1656,Premium,10,10-07-2022,07-07-2023
1657,Standard,11,23-07-2022,06-07-2023
1658,Basic,11,24-07-2022,07-07-2023
1659,Standard,14,26-07-2022,06-07-2023
1660,Premium,12,07-08-2022,08-07-2023
1661,Basic,13,10-08-2022,05-07-2023
1662,Premium,13,14-08-2022,06-07-2023
1663,Standard,12,16-08-2022,06-07-2023
1664,Basic,10,20-08-2022,08-07-2023
1665,Standard,11,25-08-2022,05-07-2023
1666,Premium,11,28-08-2022,07-07-2023
1667,Basic,11,05-09-2022,06-07-2023
1668,Standard,13,08-09-2022,08-07-2023
1669,Premium,10,14-09-2022,05-07-2023
1670,Basic,13,16-09-2022,06-07-2023
1671,Premium,13,19-09-2022,06-07-2023
1672,Basic,15,23-09-2022,07-07-2023
1673,Standard,10,29-09-2022,07-07-2023
1674,Standard,10,02-10-2022,06-07-2023
1675,Basic,12,08-10-2022,05-07-2023
1676,Premium,15,09-10-2022,07-07-2023
1677,Basic,14,11-10-2022,08-07-2023
1678,Standard,15,14-10-2022,09-07-2023
1679,Premium,14,16-10-2022,06-07-2023
1680,Basic,13,18-10-2022,07-07-2023
1681,Premium,15,22-10-2022,07-07-2023
1682,Basic,10,23-10-2022,09-07-2023
1683,Standard,12,26-10-2022,06-07-2023
1684,Standard,13,27-10-2022,07-07-2023
1685,Basic,15,31-10-2022,07-07-2023
1686,Premium,11,01-11-2022,08-07-2023
1687,Basic,13,03-11-2022,05-07-2023
1688,Standard,14,04-11-2022,06-07-2023
1689,Premium,13,05-11-2022,07-07-2023
1690,Basic,13,05-11-2022,07-07-2023
1691,Premium,13,05-11-2022,05-07-2023
1692,Basic,12,05-11-2022,06-07-2023
1693,Standard,13,03-11-2022,07-07-2023
1694,Standard,11,27-10-2022,07-07-2023
1695,Basic,14,24-10-2022,04-07-2023
1696,Premium,13,17-10-2022,07-07-2023
1697,Basic,11,06-10-2022,07-07-2023
1698,Standard,12,18-09-2022,06-07-2023
1699,Premium,10,17-09-2022,04-07-2023
1700,Basic,12,13-09-2022,08-07-2023
1701,Premium,15,09-09-2022,07-07-2023
1702,Basic,12,02-09-2022,07-07-2023
1703,Standard,13,01-09-2022,06-07-2023
1704,Standard,10,16-08-2022,07-07-2023
1705,Basic,14,17-08-2022,07-07-2023
1706,Premium,15,29-07-2022,07-07-2023
1707,Basic,13,28-07-2022,06-07-2023
1708,Standard,13,25-07-2022,07-07-2023
1709,Premium,10,26-07-2022,06-07-2023
1710,Basic,11,17-07-2022,07-07-2023
1711,Premium,14,16-07-2022,06-07-2023
1712,Basic,11,17-07-2022,09-07-2023
1713,Standard,12,16-07-2022,06-07-2023
1714,Standard,14,16-07-2022,07-07-2023
1715,Basic,14,12-07-2022,06-07-2023
1716,Premium,11,10-07-2022,09-07-2023
1717,Basic,10,08-07-2022,07-07-2023
1718,Standard,15,29-06-2022,07-07-2023
1719,Premium,12,29-06-2022,06-07-2023
1720,Basic,12,28-06-2022,08-07-2023
1721,Basic,12,29-06-2022,06-07-2023
1722,Basic,13,01-07-2022,08-07-2023
1723,Standard,13,02-07-2022,06-07-2023
1724,Premium,12,04-07-2022,08-07-2023
1725,Basic,10,08-07-2022,07-07-2023
1726,Basic,14,20-07-2022,09-07-2023
1727,Premium,13,23-07-2022,06-07-2023
1728,Standard,15,26-07-2022,07-07-2023
1729,Standard,11,30-07-2022,07-07-2023
1730,Basic,10,08-08-2022,08-07-2023
1731,Premium,12,13-08-2022,05-07-2023
1732,Standard,12,14-08-2022,07-07-2023
1733,Basic,15,16-08-2022,06-07-2023
1734,Standard,14,19-08-2022,08-07-2023
1735,Premium,10,27-08-2022,06-07-2023
1736,Basic,15,04-09-2022,07-07-2023
1737,Premium,12,05-09-2022,06-07-2023
1738,Standard,12,13-09-2022,08-07-2023
1739,Basic,10,16-09-2022,05-07-2023
1740,Standard,15,18-09-2022,06-07-2023
1741,Premium,12,20-09-2022,06-07-2023
1742,Basic,13,29-09-2022,07-07-2023
1743,Standard,11,30-09-2022,08-07-2023
1744,Premium,15,04-10-2022,10-07-2023
1745,Basic,14,08-10-2022,07-07-2023
1746,Premium,14,10-10-2022,07-07-2023
1747,Basic,12,12-10-2022,08-07-2023
1748,Standard,15,14-10-2022,10-07-2023
1749,Standard,10,16-10-2022,07-07-2023
1750,Basic,15,21-10-2022,07-07-2023
1751,Premium,14,23-10-2022,07-07-2023
1752,Basic,10,25-10-2022,09-07-2023
1753,Standard,15,26-10-2022,06-07-2023
1754,Premium,10,29-10-2022,07-07-2023
1755,Basic,15,31-10-2022,07-07-2023
1756,Premium,13,02-11-2022,08-07-2023
1757,Basic,13,03-11-2022,05-07-2023
1758,Standard,13,05-11-2022,07-07-2023
1759,Standard,10,06-11-2022,07-07-2023
1760,Basic,15,06-11-2022,07-07-2023
1761,Premium,10,07-11-2022,05-07-2023
1762,Basic,10,04-11-2022,06-07-2023
1763,Standard,14,02-11-2022,07-07-2023
1764,Premium,13,27-10-2022,07-07-2023
1765,Basic,11,18-10-2022,05-07-2023
1766,Premium,12,07-10-2022,08-07-2023
1767,Basic,15,04-10-2022,07-07-2023
1768,Standard,14,17-09-2022,07-07-2023
1769,Standard,14,15-09-2022,06-07-2023
1770,Basic,13,10-09-2022,08-07-2023
1771,Premium,11,09-09-2022,08-07-2023
1772,Basic,12,09-09-2022,08-07-2023
1773,Standard,12,07-09-2022,06-07-2023
1774,Premium,15,08-09-2022,08-07-2023
1775,Basic,15,14-08-2022,07-07-2023
1776,Premium,15,06-08-2022,08-07-2023
1777,Basic,12,06-08-2022,06-07-2023
1778,Standard,11,29-07-2022,09-07-2023
1779,Standard,15,28-07-2022,06-07-2023
1780,Basic,13,24-07-2022,07-07-2023
1781,Premium,15,22-07-2022,06-07-2023
1782,Basic,13,19-07-2022,10-07-2023
1783,Standard,13,17-07-2022,07-07-2023
1784,Premium,13,16-07-2022,07-07-2023
1785,Basic,13,13-07-2022,07-07-2023
1786,Premium,15,14-07-2022,09-07-2023
1787,Basic,11,07-07-2022,07-07-2023
1788,Standard,10,06-07-2022,09-07-2023
1789,Standard,14,30-06-2022,07-07-2023
1790,Basic,12,30-06-2022,09-07-2023
1791,Premium,14,01-07-2022,06-07-2023
1792,Basic,15,02-07-2022,09-07-2023
1793,Standard,14,03-07-2022,06-07-2023
1794,Premium,12,06-07-2022,08-07-2023
1795,Basic,14,07-07-2022,07-07-2023
1796,Basic,10,15-07-2022,09-07-2023
1797,Basic,14,17-07-2022,06-07-2023
1798,Standard,10,26-07-2022,08-07-2023
1799,Premium,14,05-08-2022,07-07-2023
1800,Basic,14,12-08-2022,09-07-2023
1801,Basic,12,14-08-2022,06-07-2023
1802,Premium,12,15-08-2022,07-07-2023
1803,Standard,10,18-08-2022,07-07-2023
1804,Standard,12,21-08-2022,09-07-2023
1805,Basic,10,04-09-2022,06-07-2023
1806,Premium,15,05-09-2022,07-07-2023
1807,Standard,11,08-09-2022,07-07-2023
1808,Basic,12,15-09-2022,08-07-2023
1809,Standard,15,17-09-2022,06-07-2023
1810,Premium,14,19-09-2022,09-07-2023
1811,Basic,10,23-09-2022,06-07-2023
1812,Premium,11,26-09-2022,08-07-2023
1813,Standard,12,30-09-2022,08-07-2023
1814,Basic,10,07-10-2022,10-07-2023
1815,Standard,13,09-10-2022,07-07-2023
1816,Premium,14,12-10-2022,07-07-2023
1817,Basic,12,13-10-2022,08-07-2023
1818,Standard,15,14-10-2022,10-07-2023
1819,Premium,13,19-10-2022,07-07-2023
1820,Basic,14,20-10-2022,07-07-2023
1821,Premium,12,22-10-2022,08-07-2023
1822,Basic,15,24-10-2022,09-07-2023
1823,Standard,10,28-10-2022,06-07-2023
1824,Standard,12,30-10-2022,08-07-2023
1825,Basic,13,01-11-2022,08-07-2023
1826,Premium,12,03-11-2022,08-07-2023
1827,Basic,13,04-11-2022,06-07-2023
1828,Standard,14,05-11-2022,07-07-2023
1829,Premium,13,06-11-2022,08-07-2023
1830,Basic,12,07-11-2022,08-07-2023
1831,Premium,14,05-11-2022,05-07-2023
1832,Basic,11,05-11-2022,09-07-2023
1833,Standard,12,06-11-2022,08-07-2023
1834,Standard,10,03-11-2022,07-07-2023
1835,Basic,11,22-10-2022,06-07-2023
1836,Premium,12,22-10-2022,09-07-2023
1837,Basic,13,15-10-2022,09-07-2023
1838,Standard,11,24-09-2022,07-07-2023
1839,Premium,15,15-09-2022,06-07-2023
1840,Basic,14,15-09-2022,08-07-2023
1841,Premium,11,12-09-2022,08-07-2023
1842,Basic,14,12-09-2022,09-07-2023
1843,Standard,10,11-09-2022,07-07-2023
1844,Standard,14,11-09-2022,08-07-2023
1845,Basic,12,16-08-2022,07-07-2023
1846,Premium,13,12-08-2022,08-07-2023
1847,Basic,10,02-08-2022,07-07-2023
1848,Standard,11,01-08-2022,10-07-2023
1849,Premium,11,29-07-2022,07-07-2023
1850,Basic,12,28-07-2022,08-07-2023
1851,Premium,11,25-07-2022,08-07-2023
1852,Basic,14,20-07-2022,10-07-2023
1853,Standard,13,16-07-2022,08-07-2023
1854,Standard,14,16-07-2022,08-07-2023
1855,Basic,12,15-07-2022,07-07-2023
1856,Premium,15,13-07-2022,09-07-2023
1857,Basic,13,06-07-2022,07-07-2023
1858,Standard,10,03-07-2022,09-07-2023
1859,Premium,15,04-07-2022,07-07-2023
1860,Basic,10,03-07-2022,09-07-2023
1861,Premium,15,03-07-2022,07-07-2023
1862,Basic,13,04-07-2022,10-07-2023
1863,Standard,11,05-07-2022,06-07-2023
1864,Standard,15,07-07-2022,08-07-2023
1865,Basic,15,08-07-2022,07-07-2023
1866,Premium,12,13-07-2022,10-07-2023
1867,Basic,11,15-07-2022,06-07-2023
1868,Standard,14,01-08-2022,08-07-2023
1869,Premium,13,11-08-2022,08-07-2023
1870,Basic,14,13-08-2022,09-07-2023
1871,Basic,10,15-08-2022,06-07-2023
1872,Basic,13,16-08-2022,08-07-2023
1873,Standard,14,18-08-2022,08-07-2023
1874,Premium,14,25-08-2022,09-07-2023
1875,Basic,14,29-08-2022,06-07-2023
1876,Basic,11,04-09-2022,09-07-2023
1877,Premium,11,13-09-2022,07-07-2023
1878,Standard,12,14-09-2022,08-07-2023
1879,Standard,10,17-09-2022,06-07-2023
1880,Basic,15,18-09-2022,10-07-2023
1881,Premium,15,23-09-2022,07-07-2023
1882,Standard,11,27-09-2022,08-07-2023
1883,Basic,14,04-10-2022,08-07-2023
1884,Standard,12,09-10-2022,11-07-2023
1885,Premium,14,10-10-2022,07-07-2023
1886,Basic,12,11-10-2022,08-07-2023
1887,Premium,13,13-10-2022,09-07-2023
1888,Standard,12,15-10-2022,10-07-2023
1889,Basic,13,20-10-2022,07-07-2023
1890,Standard,15,21-10-2022,08-07-2023
1891,Premium,11,23-10-2022,09-07-2023
1892,Basic,15,25-10-2022,09-07-2023
1893,Standard,10,27-10-2022,07-07-2023
1894,Premium,11,30-10-2022,08-07-2023
1895,Basic,15,01-11-2022,09-07-2023
1896,Premium,14,02-11-2022,09-07-2023
1897,Basic,11,04-11-2022,06-07-2023
1898,Standard,13,06-11-2022,07-07-2023
1899,Standard,14,07-11-2022,09-07-2023
1900,Basic,14,06-11-2022,08-07-2023
1901,Premium,15,07-11-2022,06-07-2023
1902,Basic,15,07-11-2022,10-07-2023
1903,Standard,12,03-11-2022,08-07-2023
1904,Premium,15,03-11-2022,08-07-2023
1905,Basic,15,31-10-2022,06-07-2023
1906,Premium,11,28-10-2022,09-07-2023
1907,Basic,10,28-09-2022,09-07-2023
1908,Standard,15,19-09-2022,09-07-2023
1909,Standard,12,16-09-2022,08-07-2023
1910,Basic,15,17-09-2022,08-07-2023
1911,Premium,12,17-09-2022,08-07-2023
1912,Basic,11,15-09-2022,09-07-2023
1913,Standard,11,14-09-2022,08-07-2023
1914,Premium,11,14-09-2022,08-07-2023
1915,Basic,10,13-09-2022,08-07-2023
1916,Premium,13,13-08-2022,08-07-2023
1917,Basic,14,12-08-2022,08-07-2023
1918,Standard,11,07-08-2022,10-07-2023
1919,Standard,11,07-08-2022,09-07-2023
1920,Basic,11,04-08-2022,08-07-2023
1921,Premium,14,24-07-2022,08-07-2023
1922,Basic,13,18-07-2022,10-07-2023
1923,Standard,12,17-07-2022,08-07-2023
1924,Premium,13,17-07-2022,09-07-2023
1925,Basic,10,14-07-2022,08-07-2023
1926,Premium,11,06-07-2022,10-07-2023
1927,Basic,13,07-07-2022,08-07-2023
1928,Standard,10,07-07-2022,11-07-2023
1929,Standard,12,08-07-2022,07-07-2023
1930,Basic,13,07-07-2022,09-07-2023
1931,Premium,14,08-07-2022,07-07-2023
1932,Basic,11,09-07-2022,11-07-2023
1933,Standard,14,09-07-2022,07-07-2023
1934,Premium,12,09-07-2022,08-07-2023
1935,Basic,12,12-07-2022,07-07-2023
1936,Premium,13,15-07-2022,10-07-2023
1937,Basic,14,16-07-2022,07-07-2023
1938,Standard,10,18-07-2022,08-07-2023
1939,Standard,11,13-08-2022,09-07-2023
1940,Basic,10,14-08-2022,10-07-2023
1941,Premium,13,16-08-2022,07-07-2023
1942,Basic,14,17-08-2022,08-07-2023
1943,Standard,14,25-08-2022,08-07-2023
1944,Premium,15,28-08-2022,09-07-2023
1945,Basic,14,29-08-2022,07-07-2023
1946,Basic,10,11-09-2022,10-07-2023
1947,Basic,12,12-09-2022,08-07-2023
1948,Standard,11,16-09-2022,09-07-2023
1949,Premium,15,17-09-2022,09-07-2023
1950,Basic,10,21-09-2022,10-07-2023
1951,Basic,15,23-09-2022,08-07-2023
1952,Premium,14,27-09-2022,08-07-2023
1953,Standard,12,09-10-2022,09-07-2023
1954,Standard,11,10-10-2022,11-07-2023
1955,Basic,13,11-10-2022,08-07-2023
1956,Premium,12,12-10-2022,08-07-2023
1957,Standard,15,13-10-2022,09-07-2023
1958,Basic,12,19-10-2022,10-07-2023
1959,Standard,14,21-10-2022,07-07-2023
1960,Premium,13,23-10-2022,08-07-2023
1961,Basic,14,24-10-2022,10-07-2023
1962,Premium,12,26-10-2022,09-07-2023
1963,Standard,15,27-10-2022,07-07-2023
1964,Basic,15,01-11-2022,08-07-2023
1965,Standard,12,02-11-2022,09-07-2023
1966,Premium,10,04-11-2022,09-07-2023
1967,Basic,13,05-11-2022,06-07-2023
1968,Standard,12,06-11-2022,09-07-2023
1969,Premium,11,07-11-2022,09-07-2023
1970,Basic,14,08-11-2022,08-07-2023
1971,Premium,13,08-11-2022,06-07-2023
1972,Basic,14,09-11-2022,10-07-2023
1973,Standard,15,09-11-2022,09-07-2023
1974,Standard,11,05-11-2022,08-07-2023
1975,Basic,11,04-11-2022,07-07-2023
1976,Premium,13,19-10-2022,09-07-2023
1977,Basic,12,12-10-2022,09-07-2023
1978,Standard,11,03-10-2022,09-07-2023
1979,Premium,15,28-09-2022,08-07-2023
1980,Basic,15,17-09-2022,09-07-2023
1981,Premium,13,16-09-2022,08-07-2023
1982,Basic,14,15-09-2022,09-07-2023
1983,Standard,11,14-09-2022,08-07-2023
1984,Standard,11,15-09-2022,09-07-2023
1985,Basic,11,06-09-2022,09-07-2023
1986,Premium,15,28-08-2022,09-07-2023
1987,Basic,12,07-08-2022,08-07-2023
1988,Standard,15,07-08-2022,10-07-2023
1989,Premium,12,06-08-2022,09-07-2023
1990,Basic,15,30-07-2022,09-07-2023
1991,Premium,12,30-07-2022,08-07-2023
1992,Basic,14,30-07-2022,10-07-2023
1993,Standard,15,19-07-2022,08-07-2023
1994,Standard,11,17-07-2022,10-07-2023
1995,Basic,11,12-07-2022,08-07-2023
1996,Premium,10,11-07-2022,10-07-2023
1997,Basic,14,10-07-2022,08-07-2023
1998,Standard,14,10-07-2022,11-07-2023
1999,Premium,13,08-07-2022,08-07-2023
2000,Basic,12,09-07-2022,09-07-2023
2001,Premium,10,09-07-2022,08-07-2023
2002,Basic,10,09-07-2022,11-07-2023
2003,Standard,11,10-07-2022,08-07-2023
2004,Standard,12,12-07-2022,08-07-2023
2005,Basic,10,13-07-2022,09-07-2023
2006,Premium,13,16-07-2022,10-07-2023
2007,Basic,10,17-07-2022,07-07-2023
2008,Standard,10,26-07-2022,09-07-2023
2009,Premium,10,31-07-2022,09-07-2023
2010,Basic,13,03-08-2022,10-07-2023
2011,Premium,10,15-08-2022,07-07-2023
2012,Basic,15,18-08-2022,10-07-2023
2013,Standard,10,27-08-2022,08-07-2023
2014,Standard,12,29-08-2022,10-07-2023
2015,Basic,12,05-09-2022,07-07-2023
2016,Premium,10,06-09-2022,11-07-2023
2017,Basic,10,14-09-2022,08-07-2023
2018,Standard,10,16-09-2022,09-07-2023
2019,Premium,10,18-09-2022,10-07-2023
2020,Basic,12,23-09-2022,11-07-2023
2021,Basic,12,25-09-2022,08-07-2023
2022,Basic,10,06-10-2022,09-07-2023
2023,Standard,11,09-10-2022,10-07-2023
2024,Premium,13,11-10-2022,11-07-2023
2025,Basic,13,12-10-2022,08-07-2023
2026,Basic,15,13-10-2022,09-07-2023
2027,Premium,13,17-10-2022,10-07-2023
2028,Standard,11,19-10-2022,10-07-2023
2029,Standard,10,21-10-2022,07-07-2023
2030,Basic,14,23-10-2022,09-07-2023
2031,Premium,14,25-10-2022,10-07-2023
2032,Standard,10,27-10-2022,09-07-2023
2033,Basic,13,31-10-2022,07-07-2023
2034,Standard,12,02-11-2022,09-07-2023
2035,Premium,11,04-11-2022,10-07-2023
2036,Basic,12,05-11-2022,09-07-2023
2037,Premium,13,06-11-2022,07-07-2023
2038,Standard,11,07-11-2022,10-07-2023
2039,Basic,11,08-11-2022,09-07-2023
2040,Standard,15,08-11-2022,08-07-2023
2041,Premium,10,09-11-2022,07-07-2023
2042,Basic,10,09-11-2022,10-07-2023
2043,Standard,12,05-11-2022,09-07-2023
2044,Premium,12,05-11-2022,10-07-2023
2045,Basic,15,02-11-2022,08-07-2023
2046,Premium,12,30-10-2022,09-07-2023
2047,Basic,11,30-10-2022,09-07-2023
2048,Standard,11,24-10-2022,09-07-2023
2049,Standard,14,08-10-2022,08-07-2023
2050,Basic,13,04-10-2022,09-07-2023
2051,Premium,10,28-09-2022,09-07-2023
2052,Basic,11,22-09-2022,09-07-2023
2053,Standard,14,19-09-2022,09-07-2023
2054,Premium,10,13-09-2022,09-07-2023
2055,Basic,14,05-09-2022,09-07-2023
2056,Premium,10,20-08-2022,09-07-2023
2057,Basic,10,10-08-2022,08-07-2023
2058,Standard,10,10-08-2022,11-07-2023
2059,Standard,14,06-08-2022,09-07-2023
2060,Basic,12,03-08-2022,10-07-2023
2061,Premium,10,01-08-2022,09-07-2023
2062,Basic,14,28-07-2022,10-07-2023
2063,Standard,15,22-07-2022,09-07-2023
2064,Premium,11,22-07-2022,11-07-2023
2065,Basic,12,20-07-2022,09-07-2023
2066,Premium,15,12-07-2022,10-07-2023
2067,Basic,10,12-07-2022,09-07-2023
2068,Standard,14,10-07-2022,11-07-2023
2069,Standard,12,11-07-2022,08-07-2023
2070,Basic,10,11-07-2022,09-07-2023
2071,Premium,11,09-07-2022,08-07-2023
2072,Basic,15,10-07-2022,11-07-2023
2073,Standard,11,12-07-2022,08-07-2023
2074,Premium,14,13-07-2022,09-07-2023
2075,Basic,14,15-07-2022,09-07-2023
2076,Premium,15,16-07-2022,11-07-2023
2077,Basic,11,19-07-2022,08-07-2023
2078,Standard,15,23-07-2022,10-07-2023
2079,Standard,10,28-07-2022,09-07-2023
2080,Basic,10,14-08-2022,11-07-2023
2081,Premium,15,18-08-2022,08-07-2023
2082,Basic,12,23-08-2022,12-07-2023
2083,Standard,12,27-08-2022,09-07-2023
2084,Premium,13,01-09-2022,10-07-2023
2085,Basic,15,02-09-2022,09-07-2023
2086,Premium,13,04-09-2022,12-07-2023
2087,Basic,13,11-09-2022,09-07-2023
2088,Standard,10,16-09-2022,09-07-2023
2089,Standard,10,19-09-2022,11-07-2023
2090,Basic,12,20-09-2022,12-07-2023
2091,Premium,13,05-10-2022,09-07-2023
2092,Basic,10,07-10-2022,09-07-2023
2093,Standard,10,10-10-2022,11-07-2023
2094,Premium,13,12-10-2022,11-07-2023
2095,Basic,10,13-10-2022,08-07-2023
2096,Basic,15,15-10-2022,09-07-2023
2097,Basic,10,17-10-2022,11-07-2023
2098,Standard,15,18-10-2022,10-07-2023
2099,Premium,11,20-10-2022,08-07-2023
2100,Basic,14,22-10-2022,10-07-2023
2101,Basic,12,25-10-2022,11-07-2023
2102,Premium,14,27-10-2022,09-07-2023
2103,Standard,14,01-11-2022,07-07-2023
2104,Standard,13,02-11-2022,11-07-2023
2105,Basic,11,04-11-2022,10-07-2023
2106,Premium,10,06-11-2022,09-07-2023
2107,Standard,14,07-11-2022,07-07-2023
2108,Basic,15,08-11-2022,10-07-2023
2109,Standard,12,09-11-2022,10-07-2023
2110,Premium,14,10-11-2022,10-07-2023
2111,Basic,14,09-11-2022,09-07-2023
2112,Premium,15,09-11-2022,10-07-2023
2113,Standard,11,07-11-2022,10-07-2023
2114,Basic,12,03-11-2022,10-07-2023
2115,Standard,10,04-11-2022,08-07-2023
2116,Premium,12,01-11-2022,10-07-2023
2117,Basic,13,27-10-2022,09-07-2023
2118,Standard,10,23-10-2022,10-07-2023
2119,Premium,14,14-10-2022,09-07-2023
2120,Basic,14,28-09-2022,10-07-2023
2121,Premium,14,25-09-2022,09-07-2023
2122,Basic,11,23-09-2022,10-07-2023
2123,Standard,12,23-09-2022,09-07-2023
2124,Standard,14,14-09-2022,11-07-2023
2125,Basic,14,05-09-2022,09-07-2023
2126,Premium,12,13-08-2022,09-07-2023
2127,Basic,15,12-08-2022,09-07-2023
2128,Standard,10,10-08-2022,11-07-2023
2129,Premium,14,05-08-2022,09-07-2023
2130,Basic,10,04-08-2022,12-07-2023
2131,Premium,11,28-07-2022,09-07-2023
2132,Basic,12,24-07-2022,11-07-2023
2133,Standard,11,22-07-2022,09-07-2023
2134,Standard,13,22-07-2022,12-07-2023
2135,Basic,15,19-07-2022,09-07-2023
2136,Premium,13,17-07-2022,10-07-2023
2137,Basic,10,16-07-2022,09-07-2023
2138,Standard,11,12-07-2022,12-07-2023
2139,Premium,14,12-07-2022,08-07-2023
2140,Basic,14,13-07-2022,10-07-2023
2141,Premium,14,13-07-2022,09-07-2023
2142,Basic,12,13-07-2022,11-07-2023
2143,Standard,12,14-07-2022,08-07-2023
2144,Standard,14,15-07-2022,10-07-2023
2145,Basic,14,16-07-2022,09-07-2023
2146,Premium,12,18-07-2022,11-07-2023
2147,Basic,12,23-07-2022,09-07-2023
2148,Standard,12,25-07-2022,11-07-2023
2149,Premium,14,30-07-2022,09-07-2023
2150,Basic,12,06-08-2022,11-07-2023
2151,Premium,13,14-08-2022,08-07-2023
2152,Basic,14,23-08-2022,12-07-2023
2153,Standard,13,27-08-2022,09-07-2023
2154,Standard,12,29-08-2022,10-07-2023
2155,Basic,12,01-09-2022,09-07-2023
2156,Premium,10,07-09-2022,13-07-2023
2157,Basic,10,13-09-2022,10-07-2023
2158,Standard,12,14-09-2022,10-07-2023
2159,Premium,11,17-09-2022,12-07-2023
2160,Basic,11,23-09-2022,12-07-2023
2161,Premium,10,27-09-2022,09-07-2023
2162,Basic,10,03-10-2022,10-07-2023
2163,Standard,13,10-10-2022,11-07-2023
2164,Standard,10,12-10-2022,11-07-2023
2165,Basic,12,14-10-2022,08-07-2023
2166,Premium,13,16-10-2022,10-07-2023
2167,Basic,11,18-10-2022,11-07-2023
2168,Standard,14,20-10-2022,10-07-2023
2169,Premium,12,22-10-2022,08-07-2023
2170,Basic,12,25-10-2022,10-07-2023
2171,Basic,12,26-10-2022,11-07-2023
2172,Basic,14,29-10-2022,10-07-2023
2173,Standard,13,31-10-2022,07-07-2023
2174,Premium,14,04-11-2022,11-07-2023
2175,Basic,11,06-11-2022,10-07-2023
2176,Basic,13,07-11-2022,10-07-2023
2177,Premium,15,08-11-2022,09-07-2023
2178,Standard,11,09-11-2022,11-07-2023
2179,Standard,10,10-11-2022,10-07-2023
2180,Basic,14,10-11-2022,10-07-2023
2181,Premium,13,10-11-2022,09-07-2023
2182,Standard,14,09-11-2022,10-07-2023
2183,Basic,10,09-11-2022,10-07-2023
2184,Standard,12,06-11-2022,11-07-2023
2185,Premium,14,03-11-2022,08-07-2023
2186,Basic,15,27-10-2022,11-07-2023
2187,Premium,15,28-10-2022,10-07-2023
2188,Standard,15,18-10-2022,10-07-2023
2189,Basic,15,04-10-2022,09-07-2023
2190,Standard,10,29-09-2022,10-07-2023
2191,Premium,12,29-09-2022,10-07-2023
2192,Basic,12,23-09-2022,10-07-2023
2193,Standard,12,17-09-2022,09-07-2023
2194,Premium,14,12-09-2022,12-07-2023
2195,Basic,14,16-08-2022,10-07-2023
2196,Premium,15,16-08-2022,09-07-2023
2197,Basic,11,13-08-2022,10-07-2023
2198,Standard,12,12-08-2022,11-07-2023
2199,Standard,14,13-08-2022,09-07-2023
2200,Basic,14,30-07-2022,12-07-2023
2201,Premium,12,25-07-2022,10-07-2023
2202,Basic,14,25-07-2022,11-07-2023
2203,Standard,14,26-07-2022,10-07-2023
2204,Premium,11,25-07-2022,13-07-2023
2205,Basic,12,23-07-2022,09-07-2023
2206,Premium,11,18-07-2022,11-07-2023
2207,Basic,13,13-07-2022,10-07-2023
2208,Standard,13,13-07-2022,12-07-2023
2209,Standard,10,13-07-2022,09-07-2023
2210,Basic,11,13-07-2022,11-07-2023
2211,Premium,13,13-07-2022,09-07-2023
2212,Basic,14,14-07-2022,11-07-2023
2213,Standard,15,15-07-2022,09-07-2023
2214,Premium,12,16-07-2022,12-07-2023
2215,Basic,13,18-07-2022,09-07-2023
2216,Premium,15,21-07-2022,11-07-2023
2217,Basic,11,24-07-2022,09-07-2023
2218,Standard,15,29-07-2022,12-07-2023
2219,Standard,10,06-08-2022,10-07-2023
2220,Basic,15,11-08-2022,11-07-2023
2221,Premium,14,16-08-2022,09-07-2023
2222,Basic,10,21-08-2022,13-07-2023
2223,Standard,12,22-08-2022,10-07-2023
2224,Premium,10,24-08-2022,10-07-2023
2225,Basic,13,02-09-2022,12-07-2023
2226,Premium,13,06-09-2022,13-07-2023
2227,Basic,11,11-09-2022,10-07-2023
2228,Standard,15,16-09-2022,10-07-2023
2229,Standard,11,22-09-2022,12-07-2023
2230,Basic,12,26-09-2022,12-07-2023
2231,Premium,10,02-10-2022,09-07-2023
2232,Basic,13,04-10-2022,10-07-2023
2233,Standard,14,09-10-2022,12-07-2023
2234,Premium,15,11-10-2022,11-07-2023
2235,Basic,15,15-10-2022,09-07-2023
2236,Premium,11,16-10-2022,10-07-2023
2237,Basic,13,18-10-2022,11-07-2023
2238,Standard,14,21-10-2022,10-07-2023
2239,Standard,12,22-10-2022,08-07-2023
2240,Basic,12,25-10-2022,11-07-2023
2241,Premium,11,29-10-2022,11-07-2023
2242,Basic,12,30-10-2022,10-07-2023
2243,Standard,10,04-11-2022,09-07-2023
2244,Premium,10,05-11-2022,12-07-2023
2245,Basic,15,07-11-2022,10-07-2023
2246,Basic,15,08-11-2022,10-07-2023
2247,Basic,15,09-11-2022,10-07-2023
2248,Standard,15,10-11-2022,11-07-2023
2249,Premium,12,11-11-2022,10-07-2023
2250,Basic,14,10-11-2022,11-07-2023
2251,Basic,13,10-11-2022,09-07-2023
2252,Premium,12,11-11-2022,11-07-2023
2253,Standard,10,07-11-2022,11-07-2023
2254,Standard,11,04-11-2022,11-07-2023
2255,Basic,15,31-10-2022,09-07-2023
2256,Premium,15,29-10-2022,11-07-2023
2257,Standard,12,20-10-2022,10-07-2023
2258,Basic,13,14-10-2022,11-07-2023
2259,Standard,11,12-10-2022,10-07-2023
2260,Premium,10,01-10-2022,11-07-2023
2261,Basic,10,25-09-2022,10-07-2023
2262,Premium,10,23-09-2022,10-07-2023
2263,Standard,14,19-09-2022,09-07-2023
2264,Basic,12,02-09-2022,12-07-2023
2265,Standard,10,30-08-2022,10-07-2023
2266,Premium,15,16-08-2022,09-07-2023
2267,Basic,11,15-08-2022,10-07-2023
2268,Standard,15,16-08-2022,11-07-2023
2269,Premium,15,01-08-2022,10-07-2023
2270,Basic,14,27-07-2022,14-07-2023
2271,Premium,14,26-07-2022,10-07-2023
2272,Basic,13,26-07-2022,11-07-2023
2273,Standard,15,27-07-2022,11-07-2023
2274,Standard,10,26-07-2022,13-07-2023
2275,Basic,11,23-07-2022,09-07-2023
2276,Premium,12,20-07-2022,11-07-2023
2277,Basic,14,14-07-2022,10-07-2023
2278,Standard,15,14-07-2022,12-07-2023
2279,Premium,10,14-07-2022,10-07-2023
2280,Basic,13,13-07-2022,12-07-2023
2281,Premium,14,14-07-2022,10-07-2023
2282,Basic,10,15-07-2022,11-07-2023
2283,Standard,13,16-07-2022,10-07-2023
2284,Standard,12,18-07-2022,12-07-2023
2285,Basic,13,19-07-2022,10-07-2023
2286,Premium,15,22-07-2022,12-07-2023
2287,Basic,12,27-07-2022,09-07-2023
2288,Standard,13,02-08-2022,13-07-2023
2289,Premium,10,10-08-2022,10-07-2023
2290,Basic,13,15-08-2022,11-07-2023
2291,Premium,11,18-08-2022,11-07-2023
2292,Basic,12,20-08-2022,14-07-2023
2293,Standard,12,23-08-2022,11-07-2023
2294,Standard,14,24-08-2022,10-07-2023
2295,Basic,11,30-08-2022,13-07-2023
2296,Premium,10,06-09-2022,13-07-2023
2297,Basic,13,13-09-2022,10-07-2023
2298,Standard,12,18-09-2022,10-07-2023
2299,Premium,14,22-09-2022,12-07-2023
2300,Basic,13,28-09-2022,12-07-2023
2301,Premium,13,03-10-2022,09-07-2023
2302,Basic,11,05-10-2022,10-07-2023
2303,Standard,14,09-10-2022,12-07-2023
2304,Standard,14,15-10-2022,11-07-2023
2305,Basic,15,16-10-2022,09-07-2023
2306,Premium,10,18-10-2022,11-07-2023
2307,Basic,14,19-10-2022,12-07-2023
2308,Standard,11,22-10-2022,11-07-2023
2309,Premium,12,23-10-2022,09-07-2023
2310,Basic,10,29-10-2022,12-07-2023
2311,Premium,14,30-10-2022,11-07-2023
2312,Basic,12,03-11-2022,11-07-2023
2313,Standard,11,04-11-2022,09-07-2023
2314,Standard,12,05-11-2022,12-07-2023
2315,Basic,12,07-11-2022,10-07-2023
2316,Premium,14,09-11-2022,11-07-2023
2317,Basic,14,10-11-2022,10-07-2023
2318,Standard,11,11-11-2022,12-07-2023
2319,Premium,13,11-11-2022,11-07-2023
2320,Basic,14,10-11-2022,11-07-2023
2321,Basic,12,11-11-2022,09-07-2023
2322,Basic,15,12-11-2022,11-07-2023
2323,Standard,12,07-11-2022,11-07-2023
2324,Premium,13,04-11-2022,11-07-2023
2325,Basic,13,03-11-2022,11-07-2023
2326,Basic,12,01-11-2022,11-07-2023
2327,Premium,10,29-10-2022,11-07-2023
2328,Standard,13,26-10-2022,11-07-2023
2329,Standard,12,25-10-2022,10-07-2023
2330,Basic,12,22-10-2022,13-07-2023
2331,Premium,13,16-10-2022,10-07-2023
2332,Standard,10,15-10-2022,10-07-2023
2333,Basic,12,19-09-2022,11-07-2023
2334,Standard,13,16-09-2022,12-07-2023
2335,Premium,15,08-09-2022,10-07-2023
2336,Basic,14,21-08-2022,12-07-2023
2337,Premium,10,20-08-2022,10-07-2023
2338,Standard,10,10-08-2022,11-07-2023
2339,Basic,13,31-07-2022,11-07-2023
2340,Standard,15,30-07-2022,14-07-2023
2341,Premium,11,31-07-2022,10-07-2023
2342,Basic,11,30-07-2022,12-07-2023
2343,Standard,10,30-07-2022,11-07-2023
2344,Premium,10,27-07-2022,13-07-2023
2345,Basic,11,21-07-2022,10-07-2023
2346,Premium,10,20-07-2022,12-07-2023
2347,Basic,13,16-07-2022,10-07-2023
2348,Standard,10,16-07-2022,12-07-2023
2349,Standard,11,14-07-2022,11-07-2023
2350,Basic,12,14-07-2022,13-07-2023
2351,Premium,14,15-07-2022,10-07-2023
2352,Basic,11,16-07-2022,12-07-2023
2353,Standard,15,18-07-2022,10-07-2023
2354,Premium,13,19-07-2022,13-07-2023
2355,Basic,13,22-07-2022,10-07-2023
2356,Premium,13,25-07-2022,12-07-2023
2357,Basic,13,26-07-2022,11-07-2023
2358,Standard,15,04-08-2022,14-07-2023
2359,Standard,13,12-08-2022,11-07-2023
2360,Basic,13,14-08-2022,11-07-2023
2361,Premium,14,16-08-2022,13-07-2023
2362,Basic,12,17-08-2022,14-07-2023
2363,Standard,11,22-08-2022,11-07-2023
2364,Premium,13,26-08-2022,11-07-2023
2365,Basic,11,06-09-2022,13-07-2023
2366,Premium,11,09-09-2022,13-07-2023
2367,Basic,12,17-09-2022,10-07-2023
2368,Standard,14,19-09-2022,11-07-2023
2369,Standard,11,24-09-2022,13-07-2023
2370,Basic,11,29-09-2022,12-07-2023
2371,Premium,15,03-10-2022,10-07-2023
2372,Basic,15,07-10-2022,10-07-2023
2373,Standard,14,14-10-2022,13-07-2023
2374,Premium,15,16-10-2022,12-07-2023
2375,Basic,13,18-10-2022,10-07-2023
2376,Premium,12,19-10-2022,12-07-2023
2377,Basic,14,20-10-2022,12-07-2023
2378,Standard,11,22-10-2022,11-07-2023
2379,Standard,11,25-10-2022,09-07-2023
2380,Basic,13,27-10-2022,12-07-2023
2381,Premium,12,30-10-2022,11-07-2023
2382,Basic,12,01-11-2022,11-07-2023
2383,Standard,10,05-11-2022,10-07-2023
2384,Premium,14,07-11-2022,12-07-2023
2385,Basic,14,08-11-2022,11-07-2023
2386,Premium,11,10-11-2022,12-07-2023
2387,Basic,15,11-11-2022,10-07-2023
2388,Standard,14,12-11-2022,12-07-2023
2389,Standard,12,11-11-2022,12-07-2023
2390,Basic,11,11-11-2022,12-07-2023
2391,Premium,11,12-11-2022,10-07-2023
2392,Basic,14,11-11-2022,12-07-2023
2393,Standard,12,07-11-2022,11-07-2023
2394,Premium,13,05-11-2022,12-07-2023
2395,Basic,13,02-11-2022,11-07-2023
2396,Basic,10,31-10-2022,13-07-2023
2397,Basic,15,29-10-2022,11-07-2023
2398,Standard,10,25-10-2022,11-07-2023
2399,Premium,14,23-10-2022,10-07-2023
2400,Basic,10,17-10-2022,13-07-2023
2401,Basic,11,16-10-2022,11-07-2023
2402,Premium,12,05-10-2022,11-07-2023
2403,Standard,15,17-09-2022,11-07-2023
2404,Standard,12,17-09-2022,12-07-2023
2405,Basic,12,06-09-2022,11-07-2023
2406,Premium,13,30-08-2022,15-07-2023
2407,Standard,11,29-08-2022,11-07-2023
2408,Basic,12,25-08-2022,13-07-2023
2409,Standard,14,03-08-2022,11-07-2023
2410,Premium,12,02-08-2022,14-07-2023
2411,Basic,15,02-08-2022,11-07-2023
2412,Premium,12,01-08-2022,13-07-2023
2413,Standard,13,31-07-2022,11-07-2023
2414,Basic,10,22-07-2022,13-07-2023
2415,Standard,14,22-07-2022,11-07-2023
2416,Premium,14,19-07-2022,13-07-2023
2417,Basic,15,17-07-2022,11-07-2023
2418,Standard,13,16-07-2022,13-07-2023
2419,Premium,14,16-07-2022,11-07-2023
2420,Basic,13,16-07-2022,13-07-2023
2421,Premium,10,16-07-2022,11-07-2023
2422,Basic,14,17-07-2022,12-07-2023
2423,Standard,12,19-07-2022,11-07-2023
2424,Standard,14,20-07-2022,14-07-2023
2425,Basic,12,21-07-2022,10-07-2023
2426,Premium,15,23-07-2022,12-07-2023
2427,Basic,15,03-08-2022,14-07-2023
2428,Standard,12,06-08-2022,15-07-2023
2429,Premium,11,10-08-2022,12-07-2023
2430,Basic,10,13-08-2022,11-07-2023
2431,Premium,12,15-08-2022,14-07-2023
2432,Basic,11,19-08-2022,14-07-2023
2433,Standard,10,22-08-2022,11-07-2023
2434,Standard,11,28-08-2022,11-07-2023
2435,Basic,14,06-09-2022,13-07-2023
2436,Premium,14,16-09-2022,13-07-2023
2437,Basic,11,18-09-2022,11-07-2023
2438,Standard,12,23-09-2022,11-07-2023
2439,Premium,10,28-09-2022,13-07-2023
2440,Basic,14,29-09-2022,12-07-2023
2441,Premium,10,07-10-2022,10-07-2023
2442,Basic,11,08-10-2022,12-07-2023
2443,Standard,13,10-10-2022,13-07-2023
2444,Standard,15,14-10-2022,12-07-2023
2445,Basic,14,16-10-2022,10-07-2023
2446,Premium,11,18-10-2022,12-07-2023
2447,Basic,14,21-10-2022,12-07-2023
2448,Standard,13,24-10-2022,12-07-2023
2449,Premium,10,27-10-2022,09-07-2023
2450,Basic,13,29-10-2022,13-07-2023
2451,Premium,15,31-10-2022,12-07-2023
2452,Basic,14,04-11-2022,13-07-2023
2453,Standard,15,06-11-2022,11-07-2023
2454,Standard,10,08-11-2022,13-07-2023
2455,Basic,10,09-11-2022,11-07-2023
2456,Premium,13,11-11-2022,13-07-2023
2457,Basic,11,12-11-2022,10-07-2023
2458,Standard,12,12-11-2022,12-07-2023
2459,Premium,12,12-11-2022,12-07-2023
2460,Basic,15,12-11-2022,13-07-2023
2461,Premium,13,13-11-2022,12-07-2023
2462,Basic,11,13-11-2022,13-07-2023
2463,Standard,10,12-11-2022,11-07-2023
2464,Standard,12,05-11-2022,12-07-2023
2465,Basic,15,03-11-2022,11-07-2023
2466,Premium,12,30-10-2022,14-07-2023
2467,Basic,15,26-10-2022,11-07-2023
2468,Standard,14,24-10-2022,12-07-2023
2469,Premium,12,24-10-2022,11-07-2023
2470,Basic,13,20-10-2022,13-07-2023
2471,Basic,10,17-10-2022,11-07-2023
2472,Basic,14,29-09-2022,14-07-2023
2473,Standard,12,28-09-2022,11-07-2023
2474,Premium,10,06-09-2022,12-07-2023
2475,Basic,12,05-09-2022,11-07-2023
2476,Basic,13,31-08-2022,15-07-2023
2477,Premium,12,30-08-2022,12-07-2023
2478,Standard,10,16-08-2022,13-07-2023
2479,Standard,11,16-08-2022,11-07-2023
2480,Basic,13,07-08-2022,14-07-2023
2481,Premium,10,05-08-2022,12-07-2023
2482,Standard,13,06-08-2022,14-07-2023
2483,Basic,15,28-07-2022,11-07-2023
2484,Standard,11,29-07-2022,13-07-2023
2485,Premium,14,25-07-2022,12-07-2023
2486,Basic,10,25-07-2022,14-07-2023
2487,Premium,11,25-07-2022,12-07-2023
2488,Standard,11,18-07-2022,13-07-2023
2489,Basic,11,17-07-2022,12-07-2023
2490,Standard,10,17-07-2022,15-07-2023
2491,Premium,13,18-07-2022,11-07-2023
2492,Basic,14,19-07-2022,12-07-2023
2493,Standard,11,20-07-2022,11-07-2023
2494,Premium,12,21-07-2022,15-07-2023
2495,Basic,15,23-07-2022,12-07-2023
2496,Premium,14,25-07-2022,12-07-2023
2497,Basic,15,04-08-2022,14-07-2023
2498,Standard,12,09-08-2022,15-07-2023
2499,Standard,13,12-08-2022,12-07-2023
2500,Basic,15,13-08-2022,12-07-2023
